0.0,3.0,0.0,Marco Werman
3.0,3.0,0.0,Marco Werman
6.0,3.0,0.0,Marco Werman
9.0,3.0,0.0,Marco Werman
12.0,3.0,0.0,Marco Werman
15.0,3.0,0.0,Marco Werman
18.0,3.0,0.0,Marco Werman
21.0,3.0,0.0952380952381,Marco Werman
24.0,3.0,0.0,Marco Werman
27.0,3.0,0.0,Marco Werman
30.0,3.0,0.0,Marco Werman
33.0,3.0,0.0434782608696,Marco Werman
36.0,3.0,0.0,Marco Werman
39.0,3.0,0.115384615385,Marco Werman
42.0,3.0,0.0,Marco Werman
45.0,3.0,0.0,Marco Werman
48.0,3.0,0.0,Marco Werman
51.0,3.0,0.0,Marco Werman
54.0,3.0,0.0,Marco Werman
57.0,3.0,0.0,Marco Werman
60.0,3.0,0.0,Marco Werman
63.0,3.0,0.0,Marco Werman
66.0,3.0,0.0,Marco Werman
69.0,3.0,0.0,Marco Werman
72.0,3.0,0.0,Marco Werman
75.0,3.0,0.0,Marco Werman
78.0,3.0,0.105263157895,Marco Werman
81.0,3.0,0.0,Marco Werman
84.0,3.0,0.0,Marco Werman
87.0,3.0,0.037037037037,Marco Werman
90.0,3.0,0.0416666666667,Marco Werman
93.0,3.0,0.0,Marco Werman
96.0,3.0,0.107142857143,Marco Werman
99.0,3.0,0.0,Marco Werman
102.0,3.0,0.05,Marco Werman
105.0,3.0,0.0,Marco Werman
108.0,3.0,0.0,Marco Werman
111.0,3.0,0.0,Marco Werman
114.0,3.0,0.0,Marco Werman
117.0,3.0,0.0,Marco Werman
120.0,3.0,0.0,Marco Werman
123.0,3.0,0.0,Marco Werman
126.0,3.0,0.0,Marco Werman
129.0,3.0,0.0588235294118,Marco Werman
132.0,3.0,0.1,Marco Werman
135.0,3.0,0.117647058824,Marco Werman
138.0,3.0,0.0,Marco Werman
141.0,3.0,0.0,Marco Werman
144.0,3.0,0.0625,Marco Werman
147.0,3.0,0.166666666667,Marco Werman
150.0,3.0,0.0909090909091,Marco Werman
153.0,3.0,0.0,Marco Werman
156.0,3.0,0.0714285714286,Marco Werman
159.0,3.0,0.1875,Marco Werman
162.0,3.0,0.105263157895,Marco Werman
165.0,3.0,0.111111111111,Marco Werman
168.0,3.0,0.125,Marco Werman
171.0,3.0,0.0,Marco Werman
174.0,3.0,0.181818181818,Marco Werman
177.0,3.0,0.0,Marco Werman
180.0,3.0,0.0,Marco Werman
183.0,3.0,0.0,Marco Werman
186.0,3.0,0.05,Marco Werman
189.0,3.0,0.047619047619,Marco Werman
192.0,3.0,0.047619047619,Marco Werman
195.0,3.0,0.0588235294118,Marco Werman
198.0,3.0,0.0,Marco Werman
201.0,3.0,0.0,Marco Werman
204.0,3.0,0.0,Marco Werman
207.0,3.0,0.0,Marco Werman
210.0,3.0,0.0,Marco Werman
213.0,3.0,0.0,Marco Werman
216.0,3.0,0.0,Marco Werman
219.0,3.0,0.0416666666667,Marco Werman
222.0,3.0,0.0,Marco Werman
225.0,3.0,0.0,Marco Werman
228.0,3.0,0.0,Marco Werman
231.0,3.0,0.0,Marco Werman
234.0,3.0,0.0,Marco Werman
237.0,3.0,0.0434782608696,Marco Werman
240.0,3.0,0.103448275862,Marco Werman
243.0,3.0,0.0454545454545,Marco Werman
246.0,3.0,0.0,Marco Werman
249.0,3.0,0.08,Marco Werman
252.0,3.0,0.0625,Marco Werman
255.0,3.0,0.111111111111,Marco Werman
258.0,3.0,0.05,Marco Werman
261.0,3.0,0.0952380952381,Marco Werman
264.0,3.0,0.0625,Marco Werman
267.0,3.0,0.0434782608696,Marco Werman
270.0,3.0,0.0769230769231,Marco Werman
273.0,3.0,0.0,Marco Werman
276.0,3.0,0.08,Marco Werman
279.0,3.0,0.0,Marco Werman
282.0,3.0,0.0,Marco Werman
285.0,3.0,0.0952380952381,Marco Werman
288.0,3.0,0.0,Marco Werman
291.0,3.0,0.0833333333333,Marco Werman
294.0,3.0,0.05,Marco Werman
297.0,3.0,0.1,Marco Werman
300.0,3.0,0.107142857143,Marco Werman
303.0,3.0,0.0,Marco Werman
306.0,3.0,0.047619047619,Marco Werman
309.0,3.0,0.0,Marco Werman
312.0,3.0,0.0,Marco Werman
315.0,3.0,0.0,Marco Werman
318.0,3.0,0.0,Marco Werman
321.0,3.0,0.08,Marco Werman
324.0,3.0,0.0,Marco Werman
327.0,3.0,0.0,Marco Werman
330.0,3.0,0.0952380952381,Marco Werman
333.0,3.0,0.0,Marco Werman
336.0,3.0,0.0,Marco Werman
339.0,3.0,0.1,Marco Werman
342.0,3.0,0.0,Marco Werman
345.0,3.0,0.0,Marco Werman
348.0,3.0,0.0,Marco Werman
351.0,3.0,0.0,Marco Werman
354.0,3.0,0.0,Marco Werman
357.0,3.0,0.0,Marco Werman
360.0,3.0,0.0909090909091,Marco Werman
363.0,3.0,0.047619047619,Marco Werman
366.0,3.0,0.368421052632,Marco Werman
369.0,3.0,0.0,Marco Werman
372.0,3.0,0.0,Marco Werman
375.0,3.0,0.0,Marco Werman
378.0,3.0,0.0344827586207,Marco Werman
381.0,3.0,0.0434782608696,Marco Werman
384.0,3.0,0.0,Marco Werman
387.0,3.0,0.142857142857,Marco Werman
390.0,3.0,0.0666666666667,Marco Werman
393.0,3.0,0.0,Marco Werman
396.0,3.0,0.08,Marco Werman
399.0,3.0,0.0,Marco Werman
402.0,3.0,0.047619047619,Marco Werman
405.0,3.0,0.0,Marco Werman
408.0,3.0,0.222222222222,Marco Werman
411.0,3.0,0.0,Marco Werman
414.0,3.0,0.0,Marco Werman
417.0,3.0,0.0454545454545,Marco Werman
420.0,3.0,0.0869565217391,Marco Werman
423.0,3.0,0.08,Marco Werman
426.0,3.0,0.15,Marco Werman
429.0,3.0,0.266666666667,Marco Werman
432.0,3.0,0.08,Marco Werman
435.0,3.0,0.115384615385,Marco Werman
438.0,3.0,0.142857142857,Marco Werman
441.0,3.0,0.0454545454545,Marco Werman
444.0,3.0,0.0,Marco Werman
447.0,3.0,0.0526315789474,Marco Werman
450.0,3.0,0.117647058824,Marco Werman
453.0,3.0,0.0588235294118,Marco Werman
456.0,3.0,0.157894736842,Marco Werman
459.0,3.0,0.105263157895,Marco Werman
462.0,3.0,0.125,Marco Werman
465.0,3.0,0.16,Marco Werman
468.0,3.0,0.181818181818,Marco Werman
471.0,3.0,0.15,Marco Werman
474.0,3.0,0.142857142857,Marco Werman
477.0,3.0,0.263157894737,Marco Werman
480.0,3.0,0.0,Marco Werman
483.0,3.0,0.0714285714286,Marco Werman
486.0,3.0,0.137931034483,Marco Werman
489.0,3.0,0.0909090909091,Marco Werman
492.0,3.0,0.166666666667,Marco Werman
495.0,3.0,0.0,Marco Werman
498.0,3.0,0.0,Marco Werman
501.0,3.0,0.0,Marco Werman
504.0,3.0,0.0526315789474,Marco Werman
507.0,3.0,0.0,Marco Werman
510.0,3.0,0.0,Marco Werman
513.0,3.0,0.0,Marco Werman
516.0,3.0,0.0,Marco Werman
519.0,3.0,0.0,Marco Werman
522.0,3.0,0.0666666666667,Marco Werman
525.0,3.0,0.0526315789474,Marco Werman
528.0,3.0,0.05,Marco Werman
531.0,3.0,0.0454545454545,Marco Werman
534.0,3.0,0.16,Marco Werman
537.0,3.0,0.0,Marco Werman
540.0,3.0,0.130434782609,Marco Werman
543.0,3.0,0.272727272727,Marco Werman
546.0,3.0,0.0,Marco Werman
549.0,3.0,0.0,Marco Werman
552.0,3.0,0.0322580645161,Marco Werman
555.0,3.0,0.0,Marco Werman
558.0,3.0,0.0,Marco Werman
561.0,3.0,0.0,Marco Werman
564.0,3.0,0.0,Marco Werman
567.0,3.0,0.0,Marco Werman
570.0,3.0,0.0,Marco Werman
573.0,3.0,0.0526315789474,Marco Werman
576.0,3.0,0.0,Marco Werman
579.0,3.0,0.0,Marco Werman
582.0,3.0,0.0,Marco Werman
585.0,3.0,0.0,Marco Werman
588.0,3.0,0.0,Marco Werman
591.0,3.0,0.0,Marco Werman
594.0,3.0,0.0,Marco Werman
597.0,3.0,0.0,Marco Werman
600.0,3.0,0.0,Marco Werman
603.0,3.0,0.0,Marco Werman
606.0,3.0,0.0,Marco Werman
609.0,3.0,0.0,Marco Werman
612.0,3.0,0.0,Marco Werman
615.0,3.0,0.047619047619,Marco Werman
618.0,3.0,0.352941176471,Marco Werman
621.0,3.0,0.0,Marco Werman
624.0,3.0,0.137931034483,Marco Werman
627.0,3.0,0.318181818182,Marco Werman
630.0,3.0,0.210526315789,Marco Werman
633.0,3.0,0.259259259259,Marco Werman
636.0,3.0,0.117647058824,Marco Werman
639.0,3.0,0.0,Marco Werman
642.0,3.0,0.047619047619,Marco Werman
645.0,3.0,0.263157894737,Marco Werman
648.0,3.0,0.0,Marco Werman
651.0,3.0,0.111111111111,Marco Werman
654.0,3.0,0.190476190476,Marco Werman
657.0,3.0,0.0555555555556,Marco Werman
660.0,3.0,0.0,Marco Werman
663.0,3.0,0.0,Marco Werman
666.0,3.0,0.0357142857143,Marco Werman
669.0,3.0,0.0,Marco Werman
672.0,3.0,0.0,Marco Werman
675.0,3.0,0.0,Marco Werman
678.0,3.0,0.0,Marco Werman
681.0,3.0,0.0,Marco Werman
684.0,3.0,0.0,Marco Werman
687.0,3.0,0.0,Marco Werman
690.0,3.0,0.0,Marco Werman
693.0,3.0,0.0,Marco Werman
696.0,3.0,0.0,Marco Werman
699.0,3.0,0.0,Marco Werman
702.0,3.0,0.047619047619,Marco Werman
705.0,3.0,0.115384615385,Marco Werman
708.0,3.0,0.0909090909091,Marco Werman
711.0,3.0,0.0,Marco Werman
714.0,3.0,0.263157894737,Marco Werman
717.0,3.0,0.0909090909091,Marco Werman
720.0,3.0,0.0,Marco Werman
723.0,3.0,0.103448275862,Marco Werman
726.0,3.0,0.0384615384615,Marco Werman
729.0,3.0,0.0,Marco Werman
732.0,3.0,0.0,Marco Werman
735.0,3.0,0.0,Marco Werman
738.0,3.0,0.0,Marco Werman
741.0,3.0,0.0,Marco Werman
744.0,3.0,0.0,Marco Werman
747.0,3.0,0.0,Marco Werman
750.0,3.0,0.0,Marco Werman
753.0,3.0,0.0,Marco Werman
756.0,3.0,0.0,Marco Werman
759.0,3.0,0.0,Marco Werman
762.0,3.0,0.0,Marco Werman
765.0,3.0,0.0,Marco Werman
768.0,3.0,0.0,Marco Werman
771.0,3.0,0.0,Marco Werman
774.0,3.0,0.0,Marco Werman
777.0,3.0,0.0,Marco Werman
780.0,3.0,0.0,Marco Werman
783.0,3.0,0.0,Marco Werman
786.0,3.0,0.0,Marco Werman
789.0,3.0,0.0,Marco Werman
792.0,3.0,0.0,Marco Werman
795.0,3.0,0.0,Marco Werman
798.0,3.0,0.0,Marco Werman
801.0,3.0,0.0416666666667,Marco Werman
804.0,3.0,0.0,Marco Werman
807.0,3.0,0.037037037037,Marco Werman
810.0,3.0,0.0357142857143,Marco Werman
813.0,3.0,0.047619047619,Marco Werman
816.0,3.0,0.0588235294118,Marco Werman
819.0,3.0,0.0,Marco Werman
822.0,3.0,0.0,Marco Werman
825.0,3.0,0.0,Marco Werman
828.0,3.0,0.0,Marco Werman
831.0,3.0,0.0,Marco Werman
834.0,3.0,0.0,Marco Werman
837.0,3.0,0.0,Marco Werman
840.0,3.0,0.0,Marco Werman
843.0,3.0,0.0,Marco Werman
846.0,3.0,0.0,Marco Werman
849.0,3.0,0.0,Marco Werman
852.0,3.0,0.0,Marco Werman
855.0,3.0,0.0,Marco Werman
858.0,3.0,0.0,Marco Werman
861.0,3.0,0.0,Marco Werman
864.0,3.0,0.0,Marco Werman
867.0,3.0,0.0,Marco Werman
870.0,3.0,0.0,Marco Werman
873.0,3.0,0.0,Marco Werman
876.0,3.0,0.0,Marco Werman
879.0,3.0,0.0909090909091,Marco Werman
882.0,3.0,0.0,Marco Werman
885.0,3.0,0.0,Marco Werman
888.0,3.0,0.0,Marco Werman
891.0,3.0,0.0,Marco Werman
894.0,3.0,0.0,Marco Werman
897.0,3.0,0.0,Marco Werman
900.0,3.0,0.0,Marco Werman
903.0,3.0,0.1,Marco Werman
906.0,3.0,0.0,Marco Werman
909.0,3.0,0.0,Marco Werman
912.0,3.0,0.04,Marco Werman
915.0,3.0,0.0,Marco Werman
918.0,3.0,0.0,Marco Werman
921.0,3.0,0.0,Marco Werman
924.0,3.0,0.0,Marco Werman
927.0,3.0,0.0,Marco Werman
930.0,3.0,0.0,Marco Werman
933.0,3.0,0.08,Marco Werman
936.0,3.0,0.08,Marco Werman
939.0,3.0,0.0,Marco Werman
942.0,3.0,0.0,Marco Werman
945.0,3.0,0.0,Marco Werman
948.0,3.0,0.0,Marco Werman
951.0,3.0,0.0,Marco Werman
954.0,3.0,0.0,Marco Werman
957.0,3.0,0.0333333333333,Marco Werman
960.0,3.0,0.0,Marco Werman
963.0,3.0,0.0,Marco Werman
966.0,3.0,0.0,Marco Werman
969.0,3.0,0.0,Marco Werman
972.0,3.0,0.0,Marco Werman
975.0,3.0,0.0,Marco Werman
978.0,3.0,0.0,Marco Werman
981.0,3.0,0.0,Marco Werman
984.0,3.0,0.0,Marco Werman
987.0,3.0,0.0,Marco Werman
990.0,3.0,0.0,Marco Werman
993.0,3.0,0.0,Marco Werman
996.0,3.0,0.0,Marco Werman
999.0,3.0,0.0,Marco Werman
1002.0,3.0,0.0,Marco Werman
1005.0,3.0,0.0,Marco Werman
1008.0,3.0,0.0,Marco Werman
1011.0,3.0,0.0,Marco Werman
1014.0,3.0,0.0,Marco Werman
1017.0,3.0,0.0,Marco Werman
1020.0,3.0,0.230769230769,Marco Werman
1023.0,3.0,0.190476190476,Marco Werman
1026.0,3.0,0.173913043478,Marco Werman
1029.0,3.0,0.0769230769231,Marco Werman
1032.0,3.0,0.181818181818,Marco Werman
1035.0,3.0,0.0384615384615,Marco Werman
1038.0,3.0,0.153846153846,Marco Werman
1041.0,3.0,0.136363636364,Marco Werman
1044.0,3.0,0.12,Marco Werman
1047.0,3.0,0.222222222222,Marco Werman
1050.0,3.0,0.0,Marco Werman
1053.0,3.0,0.0,Marco Werman
1056.0,3.0,0.0,Marco Werman
1059.0,3.0,0.0454545454545,Marco Werman
1062.0,3.0,0.0,Marco Werman
1065.0,3.0,0.0,Marco Werman
1068.0,3.0,0.0,Marco Werman
1071.0,3.0,0.0625,Marco Werman
1074.0,3.0,0.0384615384615,Marco Werman
1077.0,3.0,0.153846153846,Marco Werman
1080.0,3.0,0.0833333333333,Marco Werman
1083.0,3.0,0.217391304348,Marco Werman
1086.0,3.0,0.176470588235,Marco Werman
1089.0,3.0,0.0,Marco Werman
1092.0,3.0,0.0416666666667,Marco Werman
1095.0,3.0,0.0555555555556,Marco Werman
1098.0,3.0,0.0,Marco Werman
1101.0,3.0,0.0689655172414,Marco Werman
1104.0,3.0,0.0416666666667,Marco Werman
1107.0,3.0,0.0434782608696,Marco Werman
1110.0,3.0,0.0769230769231,Marco Werman
1113.0,3.0,0.0,Marco Werman
1116.0,3.0,0.04,Marco Werman
1119.0,3.0,0.0526315789474,Marco Werman
1122.0,3.0,0.0,Marco Werman
1125.0,3.0,0.0,Marco Werman
1128.0,3.0,0.0,Marco Werman
1131.0,3.0,0.0,Marco Werman
1134.0,3.0,0.0,Marco Werman
1137.0,3.0,0.0,Marco Werman
1140.0,3.0,0.0,Marco Werman
1143.0,3.0,0.0,Marco Werman
1146.0,3.0,0.0,Marco Werman
1149.0,3.0,0.0,Marco Werman
1152.0,3.0,0.0,Marco Werman
1155.0,3.0,0.0,Marco Werman
1158.0,3.0,0.0,Marco Werman
1161.0,3.0,0.0,Marco Werman
1164.0,3.0,0.0,Marco Werman
1167.0,3.0,0.0,Marco Werman
1170.0,3.0,0.0,Marco Werman
1173.0,3.0,0.0,Marco Werman
1176.0,3.0,0.0416666666667,Marco Werman
1179.0,3.0,0.0,Marco Werman
1182.0,3.0,0.0,Marco Werman
1185.0,3.0,0.0434782608696,Marco Werman
1188.0,3.0,0.0,Marco Werman
1191.0,3.0,0.176470588235,Marco Werman
1194.0,3.0,0.0,Marco Werman
1197.0,3.0,0.258064516129,Marco Werman
1200.0,3.0,0.24,Marco Werman
1203.0,3.0,0.1,Marco Werman
1206.0,3.0,0.217391304348,Marco Werman
1209.0,3.0,0.111111111111,Marco Werman
1212.0,3.0,0.296296296296,Marco Werman
1215.0,3.0,0.157894736842,Marco Werman
1218.0,3.0,0.214285714286,Marco Werman
1221.0,3.0,0.08,Marco Werman
1224.0,3.0,0.0,Marco Werman
1227.0,3.0,0.0,Marco Werman
1230.0,3.0,0.0,Marco Werman
1233.0,3.0,0.0,Marco Werman
1236.0,3.0,0.0,Marco Werman
1239.0,3.0,0.0,Marco Werman
1242.0,3.0,0.0,Marco Werman
1245.0,3.0,0.0,Marco Werman
1248.0,3.0,0.0,Marco Werman
1251.0,3.0,0.0,Marco Werman
1254.0,3.0,0.0,Marco Werman
1257.0,3.0,0.0,Marco Werman
1260.0,3.0,0.0,Marco Werman
1263.0,3.0,0.0,Marco Werman
1266.0,3.0,0.0,Marco Werman
1269.0,3.0,0.0588235294118,Marco Werman
1272.0,3.0,0.0,Marco Werman
1275.0,3.0,0.0,Marco Werman
1278.0,3.0,0.0,Marco Werman
1281.0,3.0,0.166666666667,Marco Werman
1284.0,3.0,0.260869565217,Marco Werman
1287.0,3.0,0.148148148148,Marco Werman
1290.0,3.0,0.04,Marco Werman
1293.0,3.0,0.08,Marco Werman
1296.0,3.0,0.142857142857,Marco Werman
1299.0,3.0,0.0,Marco Werman
1302.0,3.0,0.0,Marco Werman
1305.0,3.0,0.0,Marco Werman
1308.0,3.0,0.0,Marco Werman
1311.0,3.0,0.0,Marco Werman
1314.0,3.0,0.0,Marco Werman
1317.0,3.0,0.0,Marco Werman
1320.0,3.0,0.0,Marco Werman
1323.0,3.0,0.0,Marco Werman
1326.0,3.0,0.0,Marco Werman
1329.0,3.0,0.0,Marco Werman
1332.0,3.0,0.0,Marco Werman
1335.0,3.0,0.0,Marco Werman
1338.0,3.0,0.0454545454545,Marco Werman
1341.0,3.0,0.0,Marco Werman
1344.0,3.0,0.125,Marco Werman
1347.0,3.0,0.0384615384615,Marco Werman
1350.0,3.0,0.0,Marco Werman
1353.0,3.0,0.0416666666667,Marco Werman
1356.0,3.0,0.0869565217391,Marco Werman
1359.0,3.0,0.181818181818,Marco Werman
1362.0,3.0,0.15,Marco Werman
1365.0,3.0,0.0833333333333,Marco Werman
1368.0,3.0,0.0588235294118,Marco Werman
1371.0,3.0,0.0,Marco Werman
1374.0,3.0,0.0,Marco Werman
1377.0,3.0,0.181818181818,Marco Werman
1380.0,3.0,0.107142857143,Marco Werman
1383.0,3.0,0.157894736842,Marco Werman
1386.0,3.0,0.0,Marco Werman
1389.0,3.0,0.0,Marco Werman
1392.0,3.0,0.0,Marco Werman
1395.0,3.0,0.0869565217391,Marco Werman
1398.0,3.0,0.0,Marco Werman
1401.0,3.0,0.0,Marco Werman
1404.0,3.0,0.0,Marco Werman
1407.0,3.0,0.0,Marco Werman
1410.0,3.0,0.0,Marco Werman
1413.0,3.0,0.0,Marco Werman
1416.0,3.0,0.0,Marco Werman
1419.0,3.0,0.0,Marco Werman
1422.0,3.0,0.0,Marco Werman
1425.0,3.0,0.0,Marco Werman
1431.0,3.0,0.0,Marco Werman
1437.0,3.0,0.0,Marco Werman
1440.0,3.0,0.0,Marco Werman
1443.0,3.0,0.0434782608696,Marco Werman
1446.0,3.0,0.0,Marco Werman
1449.0,3.0,0.0952380952381,Marco Werman
1452.0,3.0,0.0526315789474,Marco Werman
1455.0,3.0,0.0,Marco Werman
1458.0,3.0,0.0,Marco Werman
1461.0,3.0,0.0689655172414,Marco Werman
1464.0,3.0,0.0,Marco Werman
1467.0,3.0,0.0,Marco Werman
1470.0,3.0,0.0,Marco Werman
1473.0,3.0,0.12,Marco Werman
1476.0,3.0,0.0526315789474,Marco Werman
1479.0,3.0,0.0,Marco Werman
1482.0,3.0,0.0,Marco Werman
1485.0,3.0,0.16,Marco Werman
1488.0,3.0,0.0833333333333,Marco Werman
1491.0,3.0,0.0952380952381,Marco Werman
1494.0,3.0,0.0,Marco Werman
1497.0,3.0,0.0,Marco Werman
1500.0,3.0,0.217391304348,Marco Werman
1503.0,3.0,0.185185185185,Marco Werman
1506.0,3.0,0.0454545454545,Marco Werman
1509.0,3.0,0.0526315789474,Marco Werman
1512.0,3.0,0.285714285714,Marco Werman
1515.0,3.0,0.0384615384615,Marco Werman
1518.0,3.0,0.25,Marco Werman
1521.0,3.0,0.0588235294118,Marco Werman
1524.0,3.0,0.0,Marco Werman
1527.0,3.0,0.136363636364,Marco Werman
1530.0,3.0,0.08,Marco Werman
1533.0,3.0,0.0416666666667,Marco Werman
1536.0,3.0,0.291666666667,Marco Werman
1539.0,3.0,0.111111111111,Marco Werman
1542.0,3.0,0.166666666667,Marco Werman
1545.0,3.0,0.1,Marco Werman
1548.0,3.0,0.0526315789474,Marco Werman
1551.0,3.0,0.0,Marco Werman
1554.0,3.0,0.0526315789474,Marco Werman
1557.0,3.0,0.0434782608696,Marco Werman
1560.0,3.0,0.0740740740741,Marco Werman
1563.0,3.0,0.185185185185,Marco Werman
1566.0,3.0,0.0,Marco Werman
1569.0,3.0,0.125,Marco Werman
1572.0,3.0,0.111111111111,Marco Werman
1575.0,3.0,0.0952380952381,Marco Werman
1578.0,3.0,0.0689655172414,Marco Werman
1581.0,3.0,0.153846153846,Marco Werman
1584.0,3.0,0.0,Marco Werman
1587.0,3.0,0.08,Marco Werman
1590.0,3.0,0.173913043478,Marco Werman
1593.0,3.0,0.130434782609,Marco Werman
1596.0,3.0,0.181818181818,Marco Werman
1599.0,3.0,0.304347826087,Marco Werman
1602.0,3.0,0.0833333333333,Marco Werman
1605.0,3.0,0.0,Marco Werman
1608.0,3.0,0.12,Marco Werman
1611.0,3.0,0.0526315789474,Marco Werman
1614.0,3.0,0.1,Marco Werman
1617.0,3.0,0.0,Marco Werman
1620.0,3.0,0.125,Marco Werman
1623.0,3.0,0.0,Marco Werman
1626.0,3.0,0.0769230769231,Marco Werman
1629.0,3.0,0.142857142857,Marco Werman
1632.0,3.0,0.15,Marco Werman
1635.0,3.0,0.0909090909091,Marco Werman
1638.0,3.0,0.05,Marco Werman
1641.0,3.0,0.0526315789474,Marco Werman
1644.0,3.0,0.0,Marco Werman
1647.0,3.0,0.0666666666667,Marco Werman
1650.0,3.0,0.0909090909091,Marco Werman
1653.0,3.0,0.0416666666667,Marco Werman
1656.0,3.0,0.0740740740741,Marco Werman
1659.0,3.0,0.2,Marco Werman
1662.0,3.0,0.230769230769,Marco Werman
1665.0,3.0,0.296296296296,Marco Werman
1668.0,3.0,0.206896551724,Marco Werman
1671.0,3.0,0.125,Marco Werman
1674.0,3.0,0.214285714286,Marco Werman
1677.0,3.0,0.2,Marco Werman
1680.0,3.0,0.272727272727,Marco Werman
1683.0,3.0,0.125,Marco Werman
1686.0,3.0,0.192307692308,Marco Werman
1689.0,3.0,0.0588235294118,Marco Werman
1692.0,3.0,0.0740740740741,Marco Werman
1695.0,3.0,0.0,Marco Werman
1698.0,3.0,0.166666666667,Marco Werman
1701.0,3.0,0.0740740740741,Marco Werman
1704.0,3.0,0.0769230769231,Marco Werman
1707.0,3.0,0.181818181818,Marco Werman
1710.0,3.0,0.0952380952381,Marco Werman
1713.0,3.0,0.0,Marco Werman
1716.0,3.0,0.0,Marco Werman
1719.0,3.0,0.0714285714286,Marco Werman
1722.0,3.0,0.130434782609,Marco Werman
1725.0,3.0,0.1,Marco Werman
1728.0,3.0,0.0869565217391,Marco Werman
1731.0,3.0,0.125,Marco Werman
1734.0,3.0,0.0,Marco Werman
1737.0,3.0,0.0588235294118,Marco Werman
1740.0,3.0,0.2,Marco Werman
1743.0,3.0,0.136363636364,Marco Werman
1746.0,3.0,0.115384615385,Marco Werman
1749.0,3.0,0.0909090909091,Marco Werman
1752.0,3.0,0.111111111111,Marco Werman
1755.0,3.0,0.1,Marco Werman
1758.0,3.0,0.227272727273,Marco Werman
1761.0,3.0,0.210526315789,Marco Werman
1764.0,3.0,0.166666666667,Marco Werman
1767.0,3.0,0.0,Marco Werman
1770.0,3.0,0.238095238095,Marco Werman
1773.0,3.0,0.166666666667,Marco Werman
1776.0,3.0,0.0625,Marco Werman
1779.0,3.0,0.2,Marco Werman
1782.0,3.0,0.0454545454545,Marco Werman
1785.0,3.0,0.130434782609,Marco Werman
1788.0,3.0,0.0833333333333,Marco Werman
1791.0,3.0,0.0666666666667,Marco Werman
1794.0,3.0,0.2,Marco Werman
1797.0,3.0,0.12,Marco Werman
1800.0,3.0,0.08,Marco Werman
1803.0,3.0,0.210526315789,Marco Werman
1806.0,3.0,0.0869565217391,Marco Werman
1809.0,3.0,0.181818181818,Marco Werman
1812.0,3.0,0.181818181818,Marco Werman
1815.0,3.0,0.0909090909091,Marco Werman
1818.0,3.0,0.214285714286,Marco Werman
1821.0,3.0,0.0416666666667,Marco Werman
1824.0,3.0,0.192307692308,Marco Werman
1827.0,3.0,0.0952380952381,Marco Werman
1830.0,3.0,0.0909090909091,Marco Werman
1833.0,3.0,0.238095238095,Marco Werman
1836.0,3.0,0.277777777778,Marco Werman
1839.0,3.0,0.210526315789,Marco Werman
1842.0,3.0,0.0,Marco Werman
1845.0,3.0,0.173913043478,Marco Werman
1848.0,3.0,0.130434782609,Marco Werman
1851.0,3.0,0.0526315789474,Marco Werman
1854.0,3.0,0.0,Marco Werman
1857.0,3.0,0.0416666666667,Marco Werman
1860.0,3.0,0.0588235294118,Marco Werman
1863.0,3.0,0.142857142857,Marco Werman
1866.0,3.0,0.0,Marco Werman
1869.0,3.0,0.0,Marco Werman
1872.0,3.0,0.05,Marco Werman
1875.0,3.0,0.0666666666667,Marco Werman
1878.0,3.0,0.133333333333,Marco Werman
1881.0,3.0,0.0526315789474,Marco Werman
1884.0,3.0,0.037037037037,Marco Werman
1887.0,3.0,0.0526315789474,Marco Werman
1890.0,3.0,0.0,Marco Werman
1893.0,3.0,0.047619047619,Marco Werman
1896.0,3.0,0.2,Marco Werman
1899.0,3.0,0.136363636364,Marco Werman
1902.0,3.0,0.115384615385,Marco Werman
1905.0,3.0,0.0869565217391,Marco Werman
1908.0,3.0,0.142857142857,Marco Werman
1911.0,3.0,0.0,Marco Werman
1914.0,3.0,0.0,Marco Werman
1917.0,3.0,0.0909090909091,Marco Werman
1920.0,3.0,0.0322580645161,Marco Werman
1923.0,3.0,0.0434782608696,Marco Werman
1926.0,3.0,0.0,Marco Werman
1929.0,3.0,0.0416666666667,Marco Werman
1932.0,3.0,0.04,Marco Werman
1935.0,3.0,0.1,Marco Werman
1938.0,3.0,0.0,Marco Werman
1941.0,3.0,0.190476190476,Marco Werman
1944.0,3.0,0.0454545454545,Marco Werman
1947.0,3.0,0.0,Marco Werman
1950.0,3.0,0.0,Marco Werman
1953.0,3.0,0.0,Marco Werman
1956.0,3.0,0.0555555555556,Marco Werman
1959.0,3.0,0.0,Marco Werman
1962.0,3.0,0.0416666666667,Marco Werman
1965.0,3.0,0.0384615384615,Marco Werman
1968.0,3.0,0.1,Marco Werman
1971.0,3.0,0.0,Marco Werman
1974.0,3.0,0.0,Marco Werman
1977.0,3.0,0.0952380952381,Marco Werman
1980.0,3.0,0.0,Marco Werman
1983.0,3.0,0.0,Marco Werman
1986.0,3.0,0.0526315789474,Marco Werman
1989.0,3.0,0.1,Marco Werman
1992.0,3.0,0.136363636364,Marco Werman
1995.0,3.0,0.0,Marco Werman
1998.0,3.0,0.047619047619,Marco Werman
2001.0,3.0,0.0416666666667,Marco Werman
2004.0,3.0,0.0,Marco Werman
2007.0,3.0,0.0526315789474,Marco Werman
2010.0,3.0,0.142857142857,Marco Werman
2013.0,3.0,0.0454545454545,Marco Werman
2016.0,3.0,0.15,Marco Werman
2019.0,3.0,0.181818181818,Marco Werman
2022.0,3.0,0.047619047619,Marco Werman
2025.0,3.0,0.173913043478,Marco Werman
2028.0,3.0,0.08,Marco Werman
2031.0,3.0,0.0869565217391,Marco Werman
2034.0,3.0,0.0,Marco Werman
2037.0,3.0,0.0526315789474,Marco Werman
2040.0,3.0,0.0,Marco Werman
2043.0,3.0,0.0,Marco Werman
2046.0,3.0,0.0666666666667,Marco Werman
2049.0,3.0,0.0,Marco Werman
2052.0,3.0,0.0,Marco Werman
2055.0,3.0,0.0434782608696,Marco Werman
2058.0,3.0,0.0,Marco Werman
2061.0,3.0,0.0,Marco Werman
2064.0,3.0,0.0,Marco Werman
2067.0,3.0,0.0,Marco Werman
2070.0,3.0,0.0,Marco Werman
2073.0,3.0,0.0,Marco Werman
2076.0,3.0,0.05,Marco Werman
2079.0,3.0,0.0416666666667,Marco Werman
2082.0,3.0,0.0869565217391,Marco Werman
2085.0,3.0,0.227272727273,Marco Werman
2088.0,3.0,0.1,Marco Werman
2091.0,3.0,0.047619047619,Marco Werman
2094.0,3.0,0.0952380952381,Marco Werman
2097.0,3.0,0.0526315789474,Marco Werman
2100.0,3.0,0.260869565217,Marco Werman
2103.0,3.0,0.0967741935484,Marco Werman
2106.0,3.0,0.260869565217,Marco Werman
2109.0,3.0,0.1875,Marco Werman
2112.0,3.0,0.185185185185,Marco Werman
2115.0,3.0,0.08,Marco Werman
2118.0,3.0,0.047619047619,Marco Werman
2121.0,3.0,0.0833333333333,Marco Werman
2124.0,3.0,0.263157894737,Marco Werman
2127.0,3.0,0.0769230769231,Marco Werman
2130.0,3.0,0.0454545454545,Marco Werman
2133.0,3.0,0.0740740740741,Marco Werman
2136.0,3.0,0.0,Marco Werman
2139.0,3.0,0.0555555555556,Marco Werman
2142.0,3.0,0.0,Marco Werman
2145.0,3.0,0.185185185185,Marco Werman
2148.0,3.0,0.0384615384615,Marco Werman
2151.0,3.0,0.111111111111,Marco Werman
2154.0,3.0,0.0,Marco Werman
2157.0,3.0,0.0645161290323,Marco Werman
2160.0,3.0,0.0434782608696,Marco Werman
2163.0,3.0,0.173913043478,Marco Werman
2166.0,3.0,0.208333333333,Marco Werman
2169.0,3.0,0.166666666667,Marco Werman
2172.0,3.0,0.05,Marco Werman
2175.0,3.0,0.130434782609,Marco Werman
2178.0,3.0,0.142857142857,Marco Werman
2181.0,3.0,0.0,Marco Werman
2184.0,3.0,0.0833333333333,Marco Werman
2187.0,3.0,0.210526315789,Marco Werman
2190.0,3.0,0.260869565217,Marco Werman
2193.0,3.0,0.333333333333,Marco Werman
2196.0,3.0,0.0833333333333,Marco Werman
2199.0,3.0,0.304347826087,Marco Werman
2202.0,3.0,0.037037037037,Marco Werman
2205.0,3.0,0.0666666666667,Marco Werman
2208.0,3.0,0.307692307692,Marco Werman
2211.0,3.0,0.294117647059,Marco Werman
2214.0,3.0,0.166666666667,Marco Werman
2217.0,3.0,0.0,Marco Werman
2220.0,3.0,0.04,Marco Werman
2223.0,3.0,0.0,Marco Werman
2226.0,3.0,0.0909090909091,Marco Werman
2229.0,3.0,0.0,Marco Werman
2232.0,3.0,0.0,Marco Werman
2235.0,3.0,0.037037037037,Marco Werman
2238.0,3.0,0.0,Marco Werman
2241.0,3.0,0.0909090909091,Marco Werman
2244.0,3.0,0.0869565217391,Marco Werman
2247.0,3.0,0.0666666666667,Marco Werman
2250.0,3.0,0.0,Marco Werman
2253.0,3.0,0.0,Marco Werman
2256.0,3.0,0.0526315789474,Marco Werman
2259.0,3.0,0.12,Marco Werman
2262.0,3.0,0.0,Marco Werman
2265.0,3.0,0.0,Marco Werman
2268.0,3.0,0.0714285714286,Marco Werman
2271.0,3.0,0.0434782608696,Marco Werman
2274.0,3.0,0.0384615384615,Marco Werman
2277.0,3.0,0.0,Marco Werman
2280.0,3.0,0.0740740740741,Marco Werman
2283.0,3.0,0.0,Marco Werman
2286.0,3.0,0.0,Marco Werman
2289.0,3.0,0.0,Marco Werman
2292.0,3.0,0.0,Marco Werman
2295.0,3.0,0.0,Marco Werman
2298.0,3.0,0.0,Marco Werman
2301.0,3.0,0.0,Marco Werman
2304.0,3.0,0.0,Marco Werman
2307.0,3.0,0.0,Marco Werman
2310.0,3.0,0.0,Marco Werman
2313.0,3.0,0.0,Marco Werman
2316.0,3.0,0.0,Marco Werman
2319.0,3.0,0.0526315789474,Marco Werman
2322.0,3.0,0.172413793103,Marco Werman
2325.0,3.0,0.15,Marco Werman
2328.0,3.0,0.125,Marco Werman
2331.0,3.0,0.16,Marco Werman
2334.0,3.0,0.05,Marco Werman
2337.0,3.0,0.16,Marco Werman
2340.0,3.0,0.103448275862,Marco Werman
2343.0,3.0,0.136363636364,Marco Werman
2346.0,3.0,0.185185185185,Marco Werman
2349.0,3.0,0.210526315789,Marco Werman
2352.0,3.0,0.0555555555556,Marco Werman
2355.0,3.0,0.08,Marco Werman
2358.0,3.0,0.192307692308,Marco Werman
2361.0,3.0,0.05,Marco Werman
2364.0,3.0,0.263157894737,Marco Werman
2367.0,3.0,0.047619047619,Marco Werman
2370.0,3.0,0.0,Marco Werman
2373.0,3.0,0.181818181818,Marco Werman
2376.0,3.0,0.173913043478,Marco Werman
2379.0,3.0,0.04,Marco Werman
2382.0,3.0,0.0,Marco Werman
2385.0,3.0,0.0357142857143,Marco Werman
2388.0,3.0,0.0,Marco Werman
2391.0,3.0,0.0384615384615,Marco Werman
2394.0,3.0,0.0416666666667,Marco Werman
2397.0,3.0,0.04,Marco Werman
2400.0,3.0,0.230769230769,Marco Werman
2403.0,3.0,0.0869565217391,Marco Werman
2406.0,3.0,0.0,Marco Werman
2409.0,3.0,0.3,Marco Werman
2412.0,3.0,0.15,Marco Werman
2415.0,3.0,0.2,Marco Werman
2418.0,3.0,0.318181818182,Marco Werman
2421.0,3.0,0.142857142857,Marco Werman
2424.0,3.0,0.0,Marco Werman
2427.0,3.0,0.0,Marco Werman
2430.0,3.0,0.0,Marco Werman
2433.0,3.0,0.0,Marco Werman
2436.0,3.0,0.08,Marco Werman
2439.0,3.0,0.0952380952381,Marco Werman
2442.0,3.0,0.08,Marco Werman
2445.0,3.0,0.08,Marco Werman
2448.0,3.0,0.0689655172414,Marco Werman
2451.0,3.0,0.190476190476,Marco Werman
2454.0,3.0,0.0,Marco Werman
2457.0,3.0,0.0,Marco Werman
2460.0,3.0,0.0,Marco Werman
2463.0,3.0,0.0,Marco Werman
2466.0,3.0,0.0,Marco Werman
2469.0,3.0,0.0,Marco Werman
2472.0,3.0,0.0,Marco Werman
2475.0,3.0,0.0,Marco Werman
2478.0,3.0,0.0,Marco Werman
2481.0,3.0,0.0,Marco Werman
2484.0,3.0,0.0,Marco Werman
2487.0,3.0,0.0,Marco Werman
2490.0,3.0,0.0357142857143,Marco Werman
2493.0,3.0,0.0,Marco Werman
2496.0,3.0,0.153846153846,Marco Werman
2499.0,3.0,0.0588235294118,Marco Werman
2502.0,3.0,0.0526315789474,Marco Werman
2505.0,3.0,0.0,Marco Werman
2508.0,3.0,0.12,Marco Werman
2511.0,3.0,0.04,Marco Werman
2514.0,3.0,0.166666666667,Marco Werman
2517.0,3.0,0.15,Marco Werman
2520.0,3.0,0.0555555555556,Marco Werman
2523.0,3.0,0.142857142857,Marco Werman
2526.0,3.0,0.137931034483,Marco Werman
2529.0,3.0,0.117647058824,Marco Werman
2532.0,3.0,0.0416666666667,Marco Werman
2535.0,3.0,0.0869565217391,Marco Werman
2538.0,3.0,0.0869565217391,Marco Werman
2541.0,3.0,0.111111111111,Marco Werman
2544.0,3.0,0.133333333333,Marco Werman
2547.0,3.0,0.15,Marco Werman
2550.0,3.0,0.0869565217391,Marco Werman
2553.0,3.0,0.173913043478,Marco Werman
2556.0,3.0,0.133333333333,Marco Werman
2559.0,3.0,0.037037037037,Marco Werman
2562.0,3.0,0.05,Marco Werman
2565.0,3.0,0.04,Marco Werman
2568.0,3.0,0.192307692308,Marco Werman
2571.0,3.0,0.25,Marco Werman
2574.0,3.0,0.173913043478,Marco Werman
2577.0,3.0,0.04,Marco Werman
2580.0,3.0,0.157894736842,Marco Werman
2583.0,3.0,0.190476190476,Marco Werman
2586.0,3.0,0.227272727273,Marco Werman
2589.0,3.0,0.0625,Marco Werman
2592.0,3.0,0.133333333333,Marco Werman
2595.0,3.0,0.0384615384615,Marco Werman
2598.0,3.0,0.08,Marco Werman
2601.0,3.0,0.0740740740741,Marco Werman
2604.0,3.0,0.28,Marco Werman
2607.0,3.0,0.238095238095,Marco Werman
2610.0,3.0,0.0909090909091,Marco Werman
2613.0,3.0,0.0833333333333,Marco Werman
2616.0,3.0,0.178571428571,Marco Werman
2619.0,3.0,0.291666666667,Marco Werman
2622.0,3.0,0.0,Marco Werman
2625.0,3.0,0.222222222222,Marco Werman
2628.0,3.0,0.0,Marco Werman
2631.0,3.0,0.0,Marco Werman
2634.0,3.0,0.0,Marco Werman
2637.0,3.0,0.0,Marco Werman
2640.0,3.0,0.0,Marco Werman
2643.0,3.0,0.0,Marco Werman
2646.0,3.0,0.0,Marco Werman
2649.0,3.0,0.0,Marco Werman
2652.0,3.0,0.0,Marco Werman
2655.0,3.0,0.0,Marco Werman
2658.0,3.0,0.0,Marco Werman
2661.0,3.0,0.0,Marco Werman
2664.0,3.0,0.0,Marco Werman
2667.0,3.0,0.0,Marco Werman
2670.0,3.0,0.0,Marco Werman
2673.0,3.0,0.0,Marco Werman
2676.0,3.0,0.0,Marco Werman
2679.0,3.0,0.0,Marco Werman
2682.0,3.0,0.111111111111,Marco Werman
2685.0,3.0,0.0952380952381,Marco Werman
2688.0,3.0,0.08,Marco Werman
2691.0,3.0,0.111111111111,Marco Werman
2694.0,3.0,0.117647058824,Marco Werman
2697.0,3.0,0.0833333333333,Marco Werman
2700.0,3.0,0.0,Marco Werman
2703.0,3.0,0.0384615384615,Marco Werman
2706.0,3.0,0.0714285714286,Marco Werman
2709.0,3.0,0.0909090909091,Marco Werman
2712.0,3.0,0.173913043478,Marco Werman
2715.0,3.0,0.0909090909091,Marco Werman
2718.0,3.0,0.0,Marco Werman
2721.0,3.0,0.125,Marco Werman
2724.0,3.0,0.0416666666667,Marco Werman
2727.0,3.0,0.222222222222,Marco Werman
2730.0,3.0,0.181818181818,Marco Werman
2733.0,3.0,0.272727272727,Marco Werman
2736.0,3.0,0.125,Marco Werman
2739.0,3.0,0.2,Marco Werman
2742.0,3.0,0.347826086957,Marco Werman
2745.0,3.0,0.285714285714,Marco Werman
2748.0,3.0,0.105263157895,Marco Werman
2751.0,3.0,0.166666666667,Marco Werman
2754.0,3.0,0.214285714286,Marco Werman
2757.0,3.0,0.166666666667,Marco Werman
2760.0,3.0,0.176470588235,Marco Werman
2763.0,3.0,0.0454545454545,Marco Werman
2766.0,3.0,0.0,Marco Werman
2769.0,3.0,0.0833333333333,Marco Werman
2772.0,3.0,0.12,Marco Werman
2775.0,3.0,0.05,Marco Werman
2778.0,3.0,0.15,Marco Werman
2781.0,3.0,0.0,Marco Werman
2784.0,3.0,0.0416666666667,Marco Werman
2787.0,3.0,0.0,Marco Werman
2790.0,3.0,0.275862068966,Marco Werman
2793.0,3.0,0.227272727273,Marco Werman
2796.0,3.0,0.0714285714286,Marco Werman
2799.0,3.0,0.0,Marco Werman
2802.0,3.0,0.0416666666667,Marco Werman
2805.0,3.0,0.16,Marco Werman
2808.0,3.0,0.0333333333333,Marco Werman
2811.0,3.0,0.0555555555556,Marco Werman
2814.0,3.0,0.0,Marco Werman
2817.0,3.0,0.125,Marco Werman
2820.0,3.0,0.05,Marco Werman
2823.0,3.0,0.0357142857143,Marco Werman
2826.0,3.0,0.0454545454545,Marco Werman
2829.0,3.0,0.0,Marco Werman
2832.0,3.0,0.0,Marco Werman
2835.0,3.0,0.0526315789474,Marco Werman
2838.0,3.0,0.05,Marco Werman
2841.0,3.0,0.0,Marco Werman
2844.0,3.0,0.0,Marco Werman
2847.0,3.0,0.0,Marco Werman
2850.0,3.0,0.0,Marco Werman
2853.0,3.0,0.0,Marco Werman
2859.0,3.0,0.0,Marco Werman
2862.0,3.0,0.0,Marco Werman
2865.0,3.0,0.0416666666667,Marco Werman
2868.0,3.0,0.0,Marco Werman
2871.0,3.0,0.0,Marco Werman
2874.0,3.0,0.0,Marco Werman
2877.0,3.0,0.0,Marco Werman
2880.0,3.0,0.0357142857143,Marco Werman
2883.0,3.0,0.0,Marco Werman
2889.0,3.0,0.0,Marco Werman
2892.0,3.0,0.0,Marco Werman
2895.0,3.0,0.0,Marco Werman
2898.0,3.0,0.0,Marco Werman
2901.0,3.0,0.105263157895,Marco Werman
2904.0,3.0,0.0,Marco Werman
2907.0,3.0,0.0,Marco Werman
2910.0,3.0,0.0,Marco Werman
2913.0,3.0,0.0,Marco Werman
2916.0,3.0,0.0,Marco Werman
2919.0,3.0,0.0,Marco Werman
2922.0,3.0,0.0,Marco Werman
2925.0,3.0,0.115384615385,Marco Werman
2928.0,3.0,0.2,Marco Werman
2931.0,3.0,0.166666666667,Marco Werman
2934.0,3.0,0.272727272727,Marco Werman
2937.0,3.0,0.178571428571,Marco Werman
2940.0,3.0,0.25,Marco Werman
2943.0,3.0,0.32,Marco Werman
2946.0,3.0,0.15625,Marco Werman
2949.0,3.0,0.269230769231,Marco Werman
2952.0,3.0,0.208333333333,Marco Werman
2955.0,3.0,0.25,Marco Werman
2958.0,3.0,0.037037037037,Marco Werman
2961.0,3.0,0.0526315789474,Marco Werman
2964.0,3.0,0.0555555555556,Marco Werman
2967.0,3.0,0.0,Marco Werman
2970.0,3.0,0.0,Marco Werman
2973.0,3.0,0.0,Marco Werman
2976.0,3.0,0.0,Marco Werman
2979.0,3.0,0.0,Marco Werman
2982.0,3.0,0.0,Marco Werman
2985.0,3.0,0.0434782608696,Marco Werman
2988.0,3.0,0.206896551724,Marco Werman
2991.0,3.0,0.0,Marco Werman
2994.0,3.0,0.15,Marco Werman
2997.0,3.0,0.263157894737,Marco Werman
3000.0,3.0,0.347826086957,Marco Werman
3003.0,3.0,0.0,Marco Werman
3006.0,3.0,0.173913043478,Marco Werman
3009.0,3.0,0.357142857143,Marco Werman
3012.0,3.0,0.105263157895,Marco Werman
3015.0,3.0,0.458333333333,Marco Werman
3018.0,3.0,0.0833333333333,Marco Werman
3021.0,3.0,0.407407407407,Marco Werman
3024.0,3.0,0.25,Marco Werman
3027.0,3.0,0.0833333333333,Marco Werman
3030.0,3.0,0.047619047619,Marco Werman
3033.0,3.0,0.0,Marco Werman
3036.0,3.0,0.142857142857,Marco Werman
3039.0,3.0,0.111111111111,Marco Werman
3042.0,3.0,0.0,Marco Werman
3045.0,3.0,0.047619047619,Marco Werman
3048.0,3.0,0.136363636364,Marco Werman
3051.0,3.0,0.0769230769231,Marco Werman
3054.0,3.0,0.291666666667,Marco Werman
3057.0,3.0,0.15,Marco Werman
3060.0,3.0,0.16,Marco Werman
3063.0,3.0,0.103448275862,Marco Werman
3066.0,3.0,0.157894736842,Marco Werman
3069.0,3.0,0.0,Marco Werman
3072.0,3.0,0.0,Marco Werman
3075.0,3.0,0.0434782608696,Marco Werman
3078.0,3.0,0.0,Marco Werman
3081.0,3.0,0.0384615384615,Marco Werman
3084.0,3.0,0.05,Marco Werman
3087.0,3.0,0.0357142857143,Marco Werman
3090.0,3.0,0.185185185185,Marco Werman
3093.0,3.0,0.37037037037,Marco Werman
3096.0,3.0,0.125,Marco Werman
3099.0,3.0,0.238095238095,Marco Werman
3102.0,3.0,0.148148148148,Marco Werman
3105.0,3.0,0.25,Marco Werman
3108.0,3.0,0.0555555555556,Marco Werman
3111.0,3.0,0.0,Marco Werman
3114.0,3.0,0.25,Marco Werman
3117.0,3.0,0.277777777778,Marco Werman
3120.0,3.0,0.173913043478,Marco Werman
3123.0,3.0,0.166666666667,Marco Werman
3126.0,3.0,0.0384615384615,Marco Werman
3129.0,3.0,0.0,Marco Werman
3132.0,3.0,0.269230769231,Marco Werman
3135.0,3.0,0.12,Marco Werman
3138.0,3.0,0.0,Marco Werman
3141.0,3.0,0.0,Marco Werman
3144.0,3.0,0.037037037037,Marco Werman
3147.0,3.0,0.263157894737,Marco Werman
3150.0,3.0,0.148148148148,Marco Werman
3153.0,3.0,0.037037037037,Marco Werman
3156.0,3.0,0.0384615384615,Marco Werman
3159.0,3.0,0.047619047619,Marco Werman
3162.0,3.0,0.0,Marco Werman
3165.0,3.0,0.0,Marco Werman
3168.0,3.0,0.12,Marco Werman
3171.0,3.0,0.0,Marco Werman
3174.0,3.0,0.125,Marco Werman
3177.0,3.0,0.0344827586207,Marco Werman
3180.0,3.0,0.227272727273,Marco Werman
3183.0,3.0,0.105263157895,Marco Werman
3186.0,3.0,0.0555555555556,Marco Werman
3189.0,3.0,0.0869565217391,Marco Werman
3192.0,3.0,0.16,Marco Werman
3195.0,3.0,0.173913043478,Marco Werman
3198.0,3.0,0.2,Marco Werman
3201.0,3.0,0.0714285714286,Marco Werman
3204.0,3.0,0.0,Marco Werman
3207.0,3.0,0.0555555555556,Marco Werman
3210.0,3.0,0.0,Marco Werman
3213.0,3.0,0.0,Marco Werman
3216.0,3.0,0.0434782608696,Marco Werman
3222.0,3.0,0.0357142857143,Marco Werman
3225.0,3.0,0.04,Marco Werman
3228.0,3.0,0.25,Marco Werman
3231.0,3.0,0.115384615385,Marco Werman
3234.0,3.0,0.148148148148,Marco Werman
3237.0,3.0,0.190476190476,Marco Werman
3240.0,3.0,0.136363636364,Marco Werman
3243.0,3.0,0.272727272727,Marco Werman
3246.0,3.0,0.25,Marco Werman
3249.0,3.0,0.0434782608696,Marco Werman
3252.0,3.0,0.0,Marco Werman
3255.0,3.0,0.037037037037,Marco Werman
3258.0,3.0,0.0,Marco Werman
3261.0,3.0,0.0,Marco Werman
3264.0,3.0,0.0,Marco Werman
3267.0,3.0,0.0,Marco Werman
3270.0,3.0,0.0,Marco Werman
3273.0,3.0,0.148148148148,Marco Werman
3276.0,3.0,0.107142857143,Marco Werman
3279.0,3.0,0.12,Marco Werman
3282.0,3.0,0.0869565217391,Marco Werman
3285.0,3.0,0.0434782608696,Marco Werman
3288.0,3.0,0.315789473684,Marco Werman
3291.0,3.0,0.0952380952381,Marco Werman
3294.0,3.0,0.133333333333,Marco Werman
3297.0,3.0,0.176470588235,Marco Werman
3300.0,3.0,0.153846153846,Marco Werman
3303.0,3.0,0.0434782608696,Marco Werman
3306.0,3.0,0.0,Marco Werman
3309.0,3.0,0.176470588235,Marco Werman
3312.0,3.0,0.173913043478,Marco Werman
3315.0,3.0,0.0384615384615,Marco Werman
3318.0,3.0,0.137931034483,Marco Werman
3321.0,3.0,0.107142857143,Marco Werman
3324.0,3.0,0.0769230769231,Marco Werman
3327.0,3.0,0.0833333333333,Marco Werman
3330.0,3.0,0.0384615384615,Marco Werman
3333.0,3.0,0.0357142857143,Marco Werman
3336.0,3.0,0.107142857143,Marco Werman
3339.0,3.0,0.115384615385,Marco Werman
3342.0,3.0,0.0740740740741,Marco Werman
3345.0,3.0,0.105263157895,Marco Werman
3348.0,3.0,0.173913043478,Marco Werman
3351.0,3.0,0.125,Marco Werman
3354.0,3.0,0.130434782609,Marco Werman
3357.0,3.0,0.0384615384615,Marco Werman
3360.0,3.0,0.142857142857,Marco Werman
3363.0,3.0,0.117647058824,Marco Werman
3366.0,3.0,0.166666666667,Marco Werman
3369.0,3.0,0.333333333333,Marco Werman
3372.0,3.0,0.217391304348,Marco Werman
3375.0,3.0,0.105263157895,Marco Werman
3378.0,3.0,0.0,Marco Werman
3381.0,3.0,0.0454545454545,Marco Werman
3384.0,3.0,0.0434782608696,Marco Werman
3387.0,3.0,0.0454545454545,Marco Werman
3390.0,3.0,0.181818181818,Marco Werman
3393.0,3.0,0.047619047619,Marco Werman
3396.0,3.0,0.08,Marco Werman
3399.0,3.0,0.0909090909091,Marco Werman
3402.0,3.0,0.0,Marco Werman
3405.0,3.0,0.0769230769231,Marco Werman
3408.0,3.0,0.047619047619,Marco Werman
3411.0,3.0,0.0869565217391,Marco Werman
3414.0,3.0,0.0714285714286,Marco Werman
3417.0,3.0,0.181818181818,Marco Werman
3420.0,3.0,0.0,Marco Werman
3423.0,3.0,0.130434782609,Marco Werman
3426.0,3.0,0.166666666667,Marco Werman
3429.0,3.0,0.15,Marco Werman
3432.0,3.0,0.130434782609,Marco Werman
3435.0,3.0,0.0,Marco Werman
3438.0,3.0,0.0,Marco Werman
3441.0,3.0,0.105263157895,Marco Werman
3444.0,3.0,0.0434782608696,Marco Werman
3447.0,3.0,0.166666666667,Marco Werman
3450.0,3.0,0.130434782609,Marco Werman
3453.0,3.0,0.1875,Marco Werman
3456.0,3.0,0.0,Marco Werman
3459.0,3.0,0.0,Marco Werman
3462.0,3.0,0.0,Marco Werman
3465.0,3.0,0.04,Marco Werman
3468.0,3.0,0.0434782608696,Marco Werman
3471.0,3.0,0.0,Marco Werman
3474.0,3.0,0.0,Marco Werman
3477.0,3.0,0.05,Marco Werman
3480.0,3.0,0.0,Marco Werman
3483.0,3.0,0.0,Marco Werman
3486.0,3.0,0.0666666666667,Marco Werman
3489.0,3.0,0.0,Marco Werman
3492.0,3.0,0.0,Marco Werman
3495.0,3.0,0.0,Marco Werman
3498.0,3.0,0.0666666666667,Marco Werman
3501.0,3.0,0.259259259259,Marco Werman
3504.0,3.0,0.25,Marco Werman
3507.0,3.0,0.333333333333,Marco Werman
3510.0,3.0,0.125,Marco Werman
3513.0,3.0,0.321428571429,Marco Werman
3516.0,3.0,0.0434782608696,Marco Werman
3519.0,3.0,0.0526315789474,Marco Werman
3522.0,3.0,0.0,Marco Werman
3525.0,3.0,0.0,Marco Werman
3528.0,3.0,0.0,Marco Werman
3531.0,3.0,0.0,Marco Werman
3534.0,3.0,0.0,Marco Werman
3537.0,3.0,0.0,Marco Werman
3540.0,3.0,0.0,Marco Werman
3543.0,3.0,0.1875,Marco Werman
3546.0,3.0,0.0454545454545,Marco Werman
3549.0,3.0,0.117647058824,Marco Werman
3552.0,3.0,0.0,Marco Werman
3555.0,3.0,0.047619047619,Marco Werman
3558.0,3.0,0.0,Marco Werman
3561.0,3.0,0.0,Marco Werman
3564.0,3.0,0.0,Marco Werman
3567.0,3.0,0.0,Marco Werman
3570.0,3.0,0.1,Marco Werman
3573.0,3.0,0.0,Marco Werman
3576.0,3.0,0.0833333333333,Marco Werman
3579.0,3.0,0.0,Marco Werman
3582.0,3.0,0.05,Marco Werman
3585.0,3.0,0.285714285714,Marco Werman
3588.0,3.0,0.307692307692,Marco Werman
3591.0,3.0,0.15,Marco Werman
3594.0,3.0,0.125,Marco Werman
3597.0,3.0,0.115384615385,Marco Werman
3600.0,3.0,0.227272727273,Marco Werman
3603.0,3.0,0.08,Marco Werman
3606.0,3.0,0.115384615385,Marco Werman
3609.0,3.0,0.166666666667,Marco Werman
3612.0,3.0,0.0740740740741,Marco Werman
3615.0,3.0,0.0,Marco Werman
3618.0,3.0,0.0,Marco Werman
3621.0,3.0,0.125,Marco Werman
3624.0,3.0,0.260869565217,Marco Werman
3627.0,3.0,0.0454545454545,Marco Werman
3630.0,3.0,0.0526315789474,Marco Werman
3633.0,3.0,0.0909090909091,Marco Werman
3636.0,3.0,0.08,Marco Werman
3639.0,3.0,0.25,Marco Werman
3642.0,3.0,0.0588235294118,Marco Werman
3645.0,3.0,0.0384615384615,Marco Werman
3648.0,3.0,0.0,Marco Werman
3651.0,3.0,0.0434782608696,Marco Werman
3654.0,3.0,0.0,Marco Werman
3657.0,3.0,0.04,Marco Werman
3660.0,3.0,0.0434782608696,Marco Werman
3663.0,3.0,0.0416666666667,Marco Werman
3666.0,3.0,0.0909090909091,Marco Werman
3669.0,3.0,0.285714285714,Marco Werman
3672.0,3.0,0.0909090909091,Marco Werman
3675.0,3.0,0.28125,Marco Werman
3678.0,3.0,0.0,Marco Werman
3681.0,3.0,0.04,Marco Werman
3684.0,3.0,0.0526315789474,Marco Werman
3687.0,3.0,0.0,Marco Werman
3690.0,3.0,0.0,Marco Werman
3693.0,3.0,0.0,Marco Werman
3696.0,3.0,0.0416666666667,Marco Werman
3699.0,3.0,0.037037037037,Marco Werman
3702.0,3.0,0.0666666666667,Marco Werman
3705.0,3.0,0.190476190476,Marco Werman
3708.0,3.0,0.125,Marco Werman
3711.0,3.0,0.0,Marco Werman
3714.0,3.0,0.16,Marco Werman
3717.0,3.0,0.272727272727,Marco Werman
3720.0,3.0,0.142857142857,Marco Werman
3723.0,3.0,0.230769230769,Marco Werman
3726.0,3.0,0.0,Marco Werman
3729.0,3.0,0.0,Marco Werman
3732.0,3.0,0.148148148148,Marco Werman
3735.0,3.0,0.1,Marco Werman
3738.0,3.0,0.047619047619,Marco Werman
3741.0,3.0,0.173913043478,Marco Werman
3744.0,3.0,0.142857142857,Marco Werman
3747.0,3.0,0.166666666667,Marco Werman
3750.0,3.0,0.0769230769231,Marco Werman
3753.0,3.0,0.217391304348,Marco Werman
3756.0,3.0,0.12,Marco Werman
3759.0,3.0,0.08,Marco Werman
3762.0,3.0,0.181818181818,Marco Werman
3765.0,3.0,0.28,Marco Werman
3768.0,3.0,0.0769230769231,Marco Werman
3771.0,3.0,0.0344827586207,Marco Werman
3774.0,3.0,0.225806451613,Marco Werman
3777.0,3.0,0.277777777778,Marco Werman
3780.0,3.0,0.12,Marco Werman
3783.0,3.0,0.133333333333,Marco Werman
3786.0,3.0,0.185185185185,Marco Werman
3789.0,3.0,0.321428571429,Marco Werman
3792.0,3.0,0.28125,Marco Werman
3795.0,3.0,0.3125,Marco Werman
3798.0,3.0,0.266666666667,Marco Werman
3801.0,3.0,0.157894736842,Marco Werman
3804.0,3.0,0.230769230769,Marco Werman
3807.0,3.0,0.260869565217,Marco Werman
3810.0,3.0,0.368421052632,Marco Werman
3813.0,3.0,0.166666666667,Marco Werman
3816.0,3.0,0.04,Marco Werman
3819.0,3.0,0.0952380952381,Marco Werman
3822.0,3.0,0.214285714286,Marco Werman
3825.0,3.0,0.15,Marco Werman
3828.0,3.0,0.136363636364,Marco Werman
3831.0,3.0,0.0625,Marco Werman
3834.0,3.0,0.0869565217391,Marco Werman
3837.0,3.0,0.0,Marco Werman
3840.0,3.0,0.173913043478,Marco Werman
3843.0,3.0,0.16,Marco Werman
3846.0,3.0,0.0344827586207,Marco Werman
3849.0,3.0,0.117647058824,Marco Werman
3852.0,3.0,0.117647058824,Marco Werman
3855.0,3.0,0.0416666666667,Marco Werman
3858.0,3.0,0.0833333333333,Marco Werman
3861.0,3.0,0.352941176471,Marco Werman
3864.0,3.0,0.227272727273,Marco Werman
3867.0,3.0,0.0714285714286,Marco Werman
3870.0,3.0,0.1,Marco Werman
3873.0,3.0,0.3,Marco Werman
3876.0,3.0,0.142857142857,Marco Werman
3879.0,3.0,0.0,Marco Werman
3882.0,3.0,0.148148148148,Marco Werman
3885.0,3.0,0.217391304348,Marco Werman
3888.0,3.0,0.136363636364,Marco Werman
3891.0,3.0,0.3,Marco Werman
3894.0,3.0,0.04,Marco Werman
3897.0,3.0,0.0357142857143,Marco Werman
3900.0,3.0,0.192307692308,Marco Werman
3903.0,3.0,0.05,Marco Werman
3906.0,3.0,0.0740740740741,Marco Werman
3909.0,3.0,0.08,Marco Werman
3912.0,3.0,0.181818181818,Marco Werman
3915.0,3.0,0.0740740740741,Marco Werman
3918.0,3.0,0.0740740740741,Marco Werman
3921.0,3.0,0.0,Marco Werman
3924.0,3.0,0.0344827586207,Marco Werman
3927.0,3.0,0.0,Marco Werman
3930.0,3.0,0.0,Marco Werman
3933.0,3.0,0.0,Marco Werman
3936.0,3.0,0.0,Marco Werman
3939.0,3.0,0.0,Marco Werman
3942.0,3.0,0.0,Marco Werman
3945.0,3.0,0.0,Marco Werman
3948.0,3.0,0.0833333333333,Marco Werman
3951.0,3.0,0.166666666667,Marco Werman
3954.0,3.0,0.333333333333,Marco Werman
3957.0,3.0,0.178571428571,Marco Werman
3960.0,3.0,0.192307692308,Marco Werman
3963.0,3.0,0.08,Marco Werman
3966.0,3.0,0.148148148148,Marco Werman
3969.0,3.0,0.275862068966,Marco Werman
3972.0,3.0,0.318181818182,Marco Werman
3975.0,3.0,0.315789473684,Marco Werman
3978.0,3.0,0.142857142857,Marco Werman
3981.0,3.0,0.166666666667,Marco Werman
3984.0,3.0,0.15,Marco Werman
3987.0,3.0,0.166666666667,Marco Werman
3990.0,3.0,0.407407407407,Marco Werman
3993.0,3.0,0.352941176471,Marco Werman
3996.0,3.0,0.333333333333,Marco Werman
3999.0,3.0,0.0,Marco Werman
4002.0,3.0,0.0,Marco Werman
4005.0,3.0,0.0555555555556,Marco Werman
4008.0,3.0,0.0,Marco Werman
4011.0,3.0,0.0909090909091,Marco Werman
4014.0,3.0,0.0,Marco Werman
4017.0,3.0,0.434782608696,Marco Werman
4020.0,3.0,0.294117647059,Marco Werman
4023.0,3.0,0.0,Marco Werman
4026.0,3.0,0.0,Marco Werman
4029.0,3.0,0.0,Marco Werman
4032.0,3.0,0.0,Marco Werman
4035.0,3.0,0.0,Marco Werman
4038.0,3.0,0.0434782608696,Marco Werman
4041.0,3.0,0.2,Marco Werman
4044.0,3.0,0.0833333333333,Marco Werman
4047.0,3.0,0.25,Marco Werman
4050.0,3.0,0.05,Marco Werman
4053.0,3.0,0.206896551724,Marco Werman
4056.0,3.0,0.157894736842,Marco Werman
4059.0,3.0,0.277777777778,Marco Werman
4062.0,3.0,0.148148148148,Marco Werman
4065.0,3.0,0.214285714286,Marco Werman
4071.0,3.0,0.0,Marco Werman
4074.0,3.0,0.0416666666667,Marco Werman
4077.0,3.0,0.117647058824,Marco Werman
4080.0,3.0,0.05,Marco Werman
4083.0,3.0,0.0588235294118,Marco Werman
4086.0,3.0,0.0,Marco Werman
4089.0,3.0,0.0,Marco Werman
4092.0,3.0,0.0,Marco Werman
4095.0,3.0,0.0,Marco Werman
4098.0,3.0,0.0416666666667,Marco Werman
4101.0,3.0,0.0,Marco Werman
4104.0,3.0,0.0,Marco Werman
4107.0,3.0,0.0,Marco Werman
4110.0,3.0,0.0,Marco Werman
4113.0,3.0,0.0,Marco Werman
4116.0,3.0,0.0,Marco Werman
4119.0,3.0,0.0625,Marco Werman
4122.0,3.0,0.0588235294118,Marco Werman
4125.0,3.0,0.0,Marco Werman
4128.0,3.0,0.0,Marco Werman
4131.0,3.0,0.0,Marco Werman
4134.0,3.0,0.0,Marco Werman
4137.0,3.0,0.0454545454545,Marco Werman
4140.0,3.0,0.0588235294118,Marco Werman
4143.0,3.0,0.0,Marco Werman
4146.0,3.0,0.0,Marco Werman
4149.0,3.0,0.0,Marco Werman
4152.0,3.0,0.0555555555556,Marco Werman
4155.0,3.0,0.0,Marco Werman
4158.0,3.0,0.0344827586207,Marco Werman
4161.0,3.0,0.133333333333,Marco Werman
4164.0,3.0,0.28,Marco Werman
4167.0,3.0,0.333333333333,Marco Werman
4170.0,3.0,0.0,Marco Werman
4173.0,3.0,0.0322580645161,Marco Werman
4176.0,3.0,0.133333333333,Marco Werman
4179.0,3.0,0.0357142857143,Marco Werman
4182.0,3.0,0.0,Marco Werman
4185.0,3.0,0.04,Marco Werman
4188.0,3.0,0.130434782609,Marco Werman
4191.0,3.0,0.111111111111,Marco Werman
4194.0,3.0,0.0,Marco Werman
4197.0,3.0,0.0,Marco Werman
4200.0,3.0,0.08,Marco Werman
4203.0,3.0,0.111111111111,Marco Werman
4206.0,3.0,0.115384615385,Marco Werman
4209.0,3.0,0.1,Marco Werman
4212.0,3.0,0.0,Marco Werman
4215.0,3.0,0.0,Marco Werman
4218.0,3.0,0.0588235294118,Marco Werman
4221.0,3.0,0.0,Marco Werman
4224.0,3.0,0.0769230769231,Marco Werman
4227.0,3.0,0.0,Marco Werman
4230.0,3.0,0.0,Marco Werman
4233.0,3.0,0.0,Marco Werman
4236.0,3.0,0.0,Marco Werman
4239.0,3.0,0.0,Marco Werman
4242.0,3.0,0.0,Marco Werman
4245.0,3.0,0.0,Marco Werman
4248.0,3.0,0.047619047619,Marco Werman
4251.0,3.0,0.047619047619,Marco Werman
4254.0,3.0,0.0,Marco Werman
4257.0,3.0,0.0,Marco Werman
4260.0,3.0,0.0,Marco Werman
4263.0,3.0,0.0,Marco Werman
4266.0,3.0,0.0689655172414,Marco Werman
4269.0,3.0,0.260869565217,Marco Werman
4272.0,3.0,0.181818181818,Marco Werman
4275.0,3.0,0.0454545454545,Marco Werman
4278.0,3.0,0.125,Marco Werman
4281.0,3.0,0.25,Marco Werman
4284.0,3.0,0.125,Marco Werman
4287.0,3.0,0.0,Marco Werman
4290.0,3.0,0.0952380952381,Marco Werman
4293.0,3.0,0.0,Marco Werman
4296.0,3.0,0.0,Marco Werman
4299.0,3.0,0.0,Marco Werman
4302.0,3.0,0.0,Marco Werman
4305.0,3.0,0.0,Marco Werman
4308.0,3.0,0.0,Marco Werman
4311.0,3.0,0.0,Marco Werman
4314.0,3.0,0.0,Marco Werman
4317.0,3.0,0.0,Marco Werman
4320.0,3.0,0.0,Marco Werman
4323.0,3.0,0.0,Marco Werman
4326.0,3.0,0.0,Marco Werman
4329.0,3.0,0.157894736842,Marco Werman
4332.0,3.0,0.0,Marco Werman
4335.0,3.0,0.0,Marco Werman
4338.0,3.0,0.0,Marco Werman
4341.0,3.0,0.0,Marco Werman
4344.0,3.0,0.0,Marco Werman
4347.0,3.0,0.0,Marco Werman
4350.0,3.0,0.0,Marco Werman
4353.0,3.0,0.0,Marco Werman
4356.0,3.0,0.0,Marco Werman
4359.0,3.0,0.0,Marco Werman
4362.0,3.0,0.0,Marco Werman
4365.0,3.0,0.0,Marco Werman
4368.0,3.0,0.0,Marco Werman
4371.0,3.0,0.0,Marco Werman
4374.0,3.0,0.0,Marco Werman
4377.0,3.0,0.05,Marco Werman
4380.0,3.0,0.0714285714286,Marco Werman
4383.0,3.0,0.0,Marco Werman
4386.0,3.0,0.05,Marco Werman
4389.0,3.0,0.0416666666667,Marco Werman
4392.0,3.0,0.0909090909091,Marco Werman
4395.0,3.0,0.0384615384615,Marco Werman
4398.0,3.0,0.0333333333333,Marco Werman
4401.0,3.0,0.0833333333333,Marco Werman
4404.0,3.0,0.227272727273,Marco Werman
4407.0,3.0,0.0,Marco Werman
4410.0,3.0,0.142857142857,Marco Werman
4413.0,3.0,0.0,Marco Werman
4416.0,3.0,0.0,Marco Werman
4419.0,3.0,0.0,Marco Werman
4422.0,3.0,0.0,Marco Werman
4425.0,3.0,0.0,Marco Werman
4428.0,3.0,0.0,Marco Werman
4431.0,3.0,0.0,Marco Werman
4434.0,3.0,0.0,Marco Werman
4437.0,3.0,0.0,Marco Werman
4440.0,3.0,0.0,Marco Werman
4443.0,3.0,0.0434782608696,Marco Werman
4446.0,3.0,0.0,Marco Werman
4449.0,3.0,0.0,Marco Werman
4452.0,3.0,0.0,Marco Werman
4455.0,3.0,0.0,Marco Werman
4458.0,3.0,0.0,Marco Werman
4461.0,3.0,0.0,Marco Werman
4464.0,3.0,0.0434782608696,Marco Werman
4467.0,3.0,0.0,Marco Werman
4470.0,3.0,0.105263157895,Marco Werman
4473.0,3.0,0.0833333333333,Marco Werman
4476.0,3.0,0.0,Marco Werman
4479.0,3.0,0.0,Marco Werman
4482.0,3.0,0.0,Marco Werman
4485.0,3.0,0.0,Marco Werman
4488.0,3.0,0.0,Marco Werman
4491.0,3.0,0.0,Marco Werman
4494.0,3.0,0.0,Marco Werman
4497.0,3.0,0.0,Marco Werman
4500.0,3.0,0.0666666666667,Marco Werman
4503.0,3.0,0.0,Marco Werman
4506.0,3.0,0.04,Marco Werman
4509.0,3.0,0.0322580645161,Marco Werman
4512.0,3.0,0.0909090909091,Marco Werman
4515.0,3.0,0.0526315789474,Marco Werman
4518.0,3.0,0.0384615384615,Marco Werman
4521.0,3.0,0.0416666666667,Marco Werman
4524.0,3.0,0.16,Marco Werman
4527.0,3.0,0.266666666667,Marco Werman
4530.0,3.0,0.1875,Marco Werman
4533.0,3.0,0.0909090909091,Marco Werman
4536.0,3.0,0.0,Marco Werman
4539.0,3.0,0.0,Marco Werman
4542.0,3.0,0.0,Marco Werman
4545.0,3.0,0.0,Marco Werman
4548.0,3.0,0.0,Marco Werman
4551.0,3.0,0.0,Marco Werman
4554.0,3.0,0.0,Marco Werman
4557.0,3.0,0.0,Marco Werman
4560.0,3.0,0.0,Marco Werman
4563.0,3.0,0.0,Marco Werman
4566.0,3.0,0.0,Marco Werman
4569.0,3.0,0.0,Marco Werman
4572.0,3.0,0.0,Marco Werman
4575.0,3.0,0.0,Marco Werman
4578.0,3.0,0.0,Marco Werman
4581.0,3.0,0.0,Marco Werman
4584.0,3.0,0.0,Marco Werman
4587.0,3.0,0.0,Marco Werman
4590.0,3.0,0.0,Marco Werman
4593.0,3.0,0.0,Marco Werman
4596.0,3.0,0.0,Marco Werman
4599.0,3.0,0.0,Marco Werman
4602.0,3.0,0.0,Marco Werman
4605.0,3.0,0.0454545454545,Marco Werman
4608.0,3.0,0.0,Marco Werman
4611.0,3.0,0.0,Marco Werman
4614.0,3.0,0.0,Marco Werman
4617.0,3.0,0.0,Marco Werman
4620.0,3.0,0.190476190476,Marco Werman
4623.0,3.0,0.136363636364,Marco Werman
4626.0,3.0,0.05,Marco Werman
4629.0,3.0,0.0909090909091,Marco Werman
4632.0,3.0,0.157894736842,Marco Werman
4635.0,3.0,0.0,Marco Werman
4638.0,3.0,0.0,Marco Werman
4641.0,3.0,0.0,Marco Werman
4644.0,3.0,0.0,Marco Werman
4647.0,3.0,0.0,Marco Werman
4650.0,3.0,0.0,Marco Werman
4653.0,3.0,0.0,Marco Werman
4656.0,3.0,0.0,Marco Werman
4659.0,3.0,0.0,Marco Werman
4662.0,3.0,0.0,Marco Werman
4665.0,3.0,0.0,Marco Werman
4668.0,3.0,0.0454545454545,Marco Werman
4671.0,3.0,0.0,Marco Werman
4674.0,3.0,0.0,Marco Werman
4677.0,3.0,0.0,Marco Werman
4680.0,3.0,0.0666666666667,Marco Werman
4683.0,3.0,0.0,Marco Werman
4686.0,3.0,0.125,Marco Werman
4689.0,3.0,0.0454545454545,Marco Werman
4692.0,3.0,0.15,Marco Werman
4695.0,3.0,0.166666666667,Marco Werman
4698.0,3.0,0.153846153846,Marco Werman
4701.0,3.0,0.166666666667,Marco Werman
4704.0,3.0,0.0,Marco Werman
4707.0,3.0,0.0,Marco Werman
4710.0,3.0,0.0,Marco Werman
4713.0,3.0,0.125,Marco Werman
4716.0,3.0,0.08,Marco Werman
4719.0,3.0,0.04,Marco Werman
4722.0,3.0,0.0,Marco Werman
4725.0,3.0,0.0454545454545,Marco Werman
4728.0,3.0,0.0,Marco Werman
4731.0,3.0,0.0,Marco Werman
4734.0,3.0,0.0,Marco Werman
4737.0,3.0,0.0625,Marco Werman
4740.0,3.0,0.0833333333333,Marco Werman
4743.0,3.0,0.0416666666667,Marco Werman
4746.0,3.0,0.0,Marco Werman
4749.0,3.0,0.0,Marco Werman
4752.0,3.0,0.2,Marco Werman
4755.0,3.0,0.0769230769231,Marco Werman
4758.0,3.0,0.0,Marco Werman
4761.0,3.0,0.0,Marco Werman
4764.0,3.0,0.0,Marco Werman
4767.0,3.0,0.0,Marco Werman
4770.0,3.0,0.0,Marco Werman
4773.0,3.0,0.0769230769231,Marco Werman
4776.0,3.0,0.0,Marco Werman
4779.0,3.0,0.0,Marco Werman
4782.0,3.0,0.0526315789474,Marco Werman
4785.0,3.0,0.0526315789474,Marco Werman
4788.0,3.0,0.153846153846,Marco Werman
4791.0,3.0,0.0526315789474,Marco Werman
4794.0,3.0,0.0833333333333,Marco Werman
4797.0,3.0,0.0526315789474,Marco Werman
4800.0,3.0,0.0,Marco Werman
4803.0,3.0,0.037037037037,Marco Werman
4806.0,3.0,0.0,Marco Werman
4809.0,3.0,0.0,Marco Werman
4812.0,3.0,0.05,Marco Werman
4815.0,3.0,0.0689655172414,Marco Werman
4818.0,3.0,0.0,Marco Werman
4821.0,3.0,0.0,Marco Werman
4824.0,3.0,0.0,Marco Werman
4827.0,3.0,0.0,Marco Werman
4830.0,3.0,0.0909090909091,Marco Werman
4833.0,3.0,0.0,Marco Werman
4836.0,3.0,0.0,Marco Werman
4839.0,3.0,0.0,Marco Werman
4842.0,3.0,0.0,Marco Werman
4845.0,3.0,0.0666666666667,Marco Werman
4848.0,3.0,0.0,Marco Werman
4851.0,3.0,0.0,Marco Werman
4854.0,3.0,0.0,Marco Werman
4857.0,3.0,0.0,Marco Werman
4860.0,3.0,0.115384615385,Marco Werman
4863.0,3.0,0.178571428571,Marco Werman
4866.0,3.0,0.136363636364,Marco Werman
4869.0,3.0,0.230769230769,Marco Werman
4872.0,3.0,0.277777777778,Marco Werman
4875.0,3.0,0.3,Marco Werman
4878.0,3.0,0.111111111111,Marco Werman
4881.0,3.0,0.1875,Marco Werman
4884.0,3.0,0.0,Marco Werman
4887.0,3.0,0.0,Marco Werman
4890.0,3.0,0.0,Marco Werman
4893.0,3.0,0.0,Marco Werman
4896.0,3.0,0.0,Marco Werman
4899.0,3.0,0.0,Marco Werman
4902.0,3.0,0.0,Marco Werman
4905.0,3.0,0.05,Marco Werman
4908.0,3.0,0.0,Marco Werman
4911.0,3.0,0.0,Marco Werman
4914.0,3.0,0.0,Marco Werman
4917.0,3.0,0.142857142857,Marco Werman
4920.0,3.0,0.0952380952381,Marco Werman
4923.0,3.0,0.103448275862,Marco Werman
4926.0,3.0,0.0714285714286,Marco Werman
4929.0,3.0,0.0909090909091,Marco Werman
4932.0,3.0,0.0,Marco Werman
4935.0,3.0,0.04,Marco Werman
4938.0,3.0,0.0,Marco Werman
4941.0,3.0,0.0,Marco Werman
4944.0,3.0,0.0434782608696,Marco Werman
4947.0,3.0,0.0454545454545,Marco Werman
4950.0,3.0,0.0,Marco Werman
4953.0,3.0,0.0,Marco Werman
4956.0,3.0,0.1,Marco Werman
4959.0,3.0,0.277777777778,Marco Werman
4962.0,3.0,0.0,Marco Werman
4965.0,3.0,0.0,Marco Werman
4968.0,3.0,0.0,Marco Werman
4971.0,3.0,0.0,Marco Werman
4974.0,3.0,0.0833333333333,Marco Werman
4977.0,3.0,0.304347826087,Marco Werman
4980.0,3.0,0.24,Marco Werman
4983.0,3.0,0.176470588235,Marco Werman
4986.0,3.0,0.0,Marco Werman
4989.0,3.0,0.0,Marco Werman
4992.0,3.0,0.0,Marco Werman
4995.0,3.0,0.0,Marco Werman
4998.0,3.0,0.111111111111,Marco Werman
5001.0,3.0,0.0,Marco Werman
5004.0,3.0,0.0,Marco Werman
5007.0,3.0,0.0,Marco Werman
5010.0,3.0,0.0,Marco Werman
5013.0,3.0,0.0,Marco Werman
5016.0,3.0,0.0,Marco Werman
5019.0,3.0,0.04,Marco Werman
5022.0,3.0,0.0,Marco Werman
5025.0,3.0,0.0357142857143,Marco Werman
5028.0,3.0,0.0,Marco Werman
5031.0,3.0,0.0,Marco Werman
5034.0,3.0,0.0,Marco Werman
5037.0,3.0,0.047619047619,Marco Werman
5040.0,3.0,0.137931034483,Marco Werman
5043.0,3.0,0.037037037037,Marco Werman
5046.0,3.0,0.05,Marco Werman
5049.0,3.0,0.0,Marco Werman
5052.0,3.0,0.1,Marco Werman
5055.0,3.0,0.0434782608696,Marco Werman
5058.0,3.0,0.105263157895,Marco Werman
5061.0,3.0,0.0,Marco Werman
5064.0,3.0,0.0,Marco Werman
5067.0,3.0,0.0869565217391,Marco Werman
5070.0,3.0,0.0769230769231,Marco Werman
5073.0,3.0,0.0555555555556,Marco Werman
5076.0,3.0,0.0,Marco Werman
5079.0,3.0,0.0,Marco Werman
5082.0,3.0,0.0,Marco Werman
5085.0,3.0,0.125,Marco Werman
5088.0,3.0,0.0,Marco Werman
5091.0,3.0,0.0344827586207,Marco Werman
5094.0,3.0,0.04,Marco Werman
5097.0,3.0,0.037037037037,Marco Werman
5100.0,3.0,0.0344827586207,Marco Werman
5103.0,3.0,0.0,Marco Werman
5106.0,3.0,0.0833333333333,Marco Werman
5109.0,3.0,0.0,Marco Werman
5112.0,3.0,0.0833333333333,Marco Werman
5115.0,3.0,0.0,Marco Werman
5118.0,3.0,0.0,Marco Werman
5121.0,3.0,0.0,Marco Werman
5124.0,3.0,0.0,Marco Werman
5127.0,3.0,0.0555555555556,Marco Werman
5130.0,3.0,0.0769230769231,Marco Werman
5133.0,3.0,0.0,Marco Werman
5136.0,3.0,0.0,Marco Werman
5139.0,3.0,0.0,Marco Werman
5142.0,3.0,0.0,Marco Werman
5145.0,3.0,0.0,Marco Werman
5148.0,3.0,0.05,Marco Werman
5151.0,3.0,0.08,Marco Werman
5154.0,3.0,0.105263157895,Marco Werman
5157.0,3.0,0.130434782609,Marco Werman
5160.0,3.0,0.296296296296,Marco Werman
5163.0,3.0,0.0,Marco Werman
5166.0,3.0,0.0434782608696,Marco Werman
5169.0,3.0,0.0869565217391,Marco Werman
5172.0,3.0,0.2,Marco Werman
5175.0,3.0,0.0,Marco Werman
5178.0,3.0,0.0,Marco Werman
5181.0,3.0,0.0,Marco Werman
5184.0,3.0,0.0,Marco Werman
5187.0,3.0,0.0,Marco Werman
5190.0,3.0,0.0,Marco Werman
5193.0,3.0,0.0,Marco Werman
5196.0,3.0,0.0,Marco Werman
5199.0,3.0,0.0,Marco Werman
5202.0,3.0,0.0,Marco Werman
5205.0,3.0,0.0,Marco Werman
5208.0,3.0,0.0,Marco Werman
5211.0,3.0,0.0416666666667,Marco Werman
5214.0,3.0,0.0,Marco Werman
5217.0,3.0,0.0,Marco Werman
5220.0,3.0,0.0,Marco Werman
5223.0,3.0,0.047619047619,Marco Werman
5226.0,3.0,0.153846153846,Marco Werman
5229.0,3.0,0.0434782608696,Marco Werman
5232.0,3.0,0.344827586207,Marco Werman
5235.0,3.0,0.0,Marco Werman
5238.0,3.0,0.0526315789474,Marco Werman
5241.0,3.0,0.12,Marco Werman
5244.0,3.0,0.047619047619,Marco Werman
5247.0,3.0,0.0833333333333,Marco Werman
5250.0,3.0,0.0,Marco Werman
5253.0,3.0,0.0,Marco Werman
5256.0,3.0,0.0,Marco Werman
5259.0,3.0,0.0,Marco Werman
5262.0,3.0,0.0,Marco Werman
5265.0,3.0,0.0,Marco Werman
5268.0,3.0,0.0,Marco Werman
5271.0,3.0,0.0833333333333,Marco Werman
5274.0,3.0,0.047619047619,Marco Werman
5277.0,3.0,0.0,Marco Werman
5280.0,3.0,0.0384615384615,Marco Werman
5283.0,3.0,0.0,Marco Werman
5286.0,3.0,0.0,Marco Werman
5289.0,3.0,0.0,Marco Werman
5292.0,3.0,0.0588235294118,Marco Werman
5295.0,3.0,0.1,Marco Werman
5298.0,3.0,0.0,Marco Werman
5301.0,3.0,0.0,Marco Werman
5304.0,3.0,0.0,Marco Werman
5307.0,3.0,0.0,Marco Werman
5310.0,3.0,0.0,Marco Werman
5313.0,3.0,0.0416666666667,Marco Werman
5316.0,3.0,0.0,Marco Werman
5319.0,3.0,0.0,Marco Werman
5322.0,3.0,0.0,Marco Werman
5325.0,3.0,0.0555555555556,Marco Werman
5328.0,3.0,0.0454545454545,Marco Werman
5331.0,3.0,0.0,Marco Werman
5334.0,3.0,0.210526315789,Marco Werman
5337.0,3.0,0.0769230769231,Marco Werman
5340.0,3.0,0.185185185185,Marco Werman
5343.0,3.0,0.125,Marco Werman
5346.0,3.0,0.117647058824,Marco Werman
5349.0,3.0,0.0434782608696,Marco Werman
5352.0,3.0,0.0952380952381,Marco Werman
5355.0,3.0,0.0454545454545,Marco Werman
5358.0,3.0,0.2,Marco Werman
5361.0,3.0,0.0,Marco Werman
5364.0,3.0,0.0666666666667,Marco Werman
5367.0,3.0,0.0,Marco Werman
5370.0,3.0,0.0,Marco Werman
5373.0,3.0,0.136363636364,Marco Werman
5376.0,3.0,0.0526315789474,Marco Werman
5379.0,3.0,0.0,Marco Werman
5382.0,3.0,0.0526315789474,Marco Werman
5385.0,3.0,0.0740740740741,Marco Werman
5388.0,3.0,0.0,Marco Werman
5391.0,3.0,0.0384615384615,Marco Werman
5394.0,3.0,0.0434782608696,Marco Werman
5397.0,3.0,0.0,Marco Werman
5400.0,3.0,0.0,Marco Werman
5403.0,3.0,0.142857142857,Marco Werman
5406.0,3.0,0.0,Marco Werman
5409.0,3.0,0.0,Marco Werman
5412.0,3.0,0.0666666666667,Marco Werman
5415.0,3.0,0.0,Marco Werman
5418.0,3.0,0.0,Marco Werman
5421.0,3.0,0.0,Marco Werman
5427.0,3.0,0.0,Marco Werman
5430.0,3.0,0.0,Marco Werman
5433.0,3.0,0.0,Marco Werman
5436.0,3.0,0.0,Marco Werman
5439.0,3.0,0.0,Marco Werman
5442.0,3.0,0.0,Marco Werman
5445.0,3.0,0.0,Marco Werman
5448.0,3.0,0.0,Marco Werman
5451.0,3.0,0.0,Marco Werman
5454.0,3.0,0.0,Marco Werman
5457.0,3.0,0.0,Marco Werman
5460.0,3.0,0.0,Marco Werman
5463.0,3.0,0.0555555555556,Marco Werman
5466.0,3.0,0.0,Marco Werman
5469.0,3.0,0.0,Marco Werman
5472.0,3.0,0.0,Marco Werman
5475.0,3.0,0.0,Marco Werman
5478.0,3.0,0.0,Marco Werman
5481.0,3.0,0.0,Marco Werman
5484.0,3.0,0.0,Marco Werman
5487.0,3.0,0.0,Marco Werman
5490.0,3.0,0.0,Marco Werman
5493.0,3.0,0.0,Marco Werman
5496.0,3.0,0.0,Marco Werman
5499.0,3.0,0.0,Marco Werman
5502.0,3.0,0.0,Marco Werman
5505.0,3.0,0.105263157895,Marco Werman
5508.0,3.0,0.0,Marco Werman
5511.0,3.0,0.047619047619,Marco Werman
5514.0,3.0,0.142857142857,Marco Werman
5517.0,3.0,0.0833333333333,Marco Werman
5520.0,3.0,0.105263157895,Marco Werman
5523.0,3.0,0.133333333333,Marco Werman
5526.0,3.0,0.0625,Marco Werman
5529.0,3.0,0.0,Marco Werman
5532.0,3.0,0.0,Marco Werman
5535.0,3.0,0.05,Marco Werman
5538.0,3.0,0.0,Marco Werman
5541.0,3.0,0.136363636364,Marco Werman
5544.0,3.0,0.0454545454545,Marco Werman
5547.0,3.0,0.0,Marco Werman
5550.0,3.0,0.0,Marco Werman
5553.0,3.0,0.0454545454545,Marco Werman
5556.0,3.0,0.05,Marco Werman
5559.0,3.0,0.0,Marco Werman
5562.0,3.0,0.0,Marco Werman
5565.0,3.0,0.0,Marco Werman
5568.0,3.0,0.0,Marco Werman
5571.0,3.0,0.0,Marco Werman
5574.0,3.0,0.05,Marco Werman
5577.0,3.0,0.0,Marco Werman
5580.0,3.0,0.0,Marco Werman
5583.0,3.0,0.0,Marco Werman
5586.0,3.0,0.0,Marco Werman
5589.0,3.0,0.0,Marco Werman
5592.0,3.0,0.0,Marco Werman
5595.0,3.0,0.0,Marco Werman
5598.0,3.0,0.0714285714286,Marco Werman
5601.0,3.0,0.0,Marco Werman
5604.0,3.0,0.0,Marco Werman
5607.0,3.0,0.0,Marco Werman
5610.0,3.0,0.0,Marco Werman
5613.0,3.0,0.0,Marco Werman
5616.0,3.0,0.0,Marco Werman
5619.0,3.0,0.0,Marco Werman
5622.0,3.0,0.0,Marco Werman
5625.0,3.0,0.0,Marco Werman
5628.0,3.0,0.04,Marco Werman
5631.0,3.0,0.0555555555556,Marco Werman
5634.0,3.0,0.166666666667,Marco Werman
5637.0,3.0,0.0833333333333,Marco Werman
5640.0,3.0,0.0,Marco Werman
5643.0,3.0,0.0952380952381,Marco Werman
5646.0,3.0,0.0952380952381,Marco Werman
5649.0,3.0,0.166666666667,Marco Werman
5652.0,3.0,0.0,Marco Werman
5655.0,3.0,0.0,Marco Werman
5658.0,3.0,0.0,Marco Werman
5661.0,3.0,0.103448275862,Marco Werman
5664.0,3.0,0.130434782609,Marco Werman
5667.0,3.0,0.111111111111,Marco Werman
5670.0,3.0,0.0,Marco Werman
5673.0,3.0,0.0869565217391,Marco Werman
5676.0,3.0,0.0,Marco Werman
5679.0,3.0,0.0,Marco Werman
5682.0,3.0,0.0,Marco Werman
5685.0,3.0,0.0,Marco Werman
5688.0,3.0,0.0,Marco Werman
5691.0,3.0,0.0,Marco Werman
5694.0,3.0,0.0,Marco Werman
5697.0,3.0,0.0,Marco Werman
5700.0,3.0,0.0,Marco Werman
5703.0,3.0,0.0833333333333,Marco Werman
5706.0,3.0,0.0,Marco Werman
5709.0,3.0,0.0,Marco Werman
5712.0,3.0,0.0,Marco Werman
5715.0,3.0,0.0,Marco Werman
5718.0,3.0,0.0,Marco Werman
5721.0,3.0,0.0,Marco Werman
5724.0,3.0,0.0,Marco Werman
5727.0,3.0,0.0,Marco Werman
5730.0,3.0,0.0,Marco Werman
5733.0,3.0,0.0,Marco Werman
5736.0,3.0,0.0,Marco Werman
5739.0,3.0,0.0,Marco Werman
5742.0,3.0,0.0,Marco Werman
5745.0,3.0,0.0,Marco Werman
5748.0,3.0,0.0,Marco Werman
5751.0,3.0,0.0,Marco Werman
5754.0,3.0,0.0,Marco Werman
5757.0,3.0,0.0,Marco Werman
5760.0,3.0,0.0,Marco Werman
5763.0,3.0,0.0,Marco Werman
5766.0,3.0,0.0,Marco Werman
5769.0,3.0,0.0,Marco Werman
5772.0,3.0,0.0,Marco Werman
5775.0,3.0,0.0,Marco Werman
5778.0,3.0,0.0,Marco Werman
5781.0,3.0,0.0,Marco Werman
5784.0,3.0,0.0,Marco Werman
5787.0,3.0,0.115384615385,Marco Werman
5790.0,3.0,0.0416666666667,Marco Werman
5793.0,3.0,0.0,Marco Werman
5796.0,3.0,0.16,Marco Werman
5799.0,3.0,0.137931034483,Marco Werman
5802.0,3.0,0.0526315789474,Marco Werman
5805.0,3.0,0.0416666666667,Marco Werman
5808.0,3.0,0.111111111111,Marco Werman
5811.0,3.0,0.0,Marco Werman
5814.0,3.0,0.0,Marco Werman
5817.0,3.0,0.0,Marco Werman
5820.0,3.0,0.0,Marco Werman
5823.0,3.0,0.0,Marco Werman
5826.0,3.0,0.0,Marco Werman
5829.0,3.0,0.0,Marco Werman
5832.0,3.0,0.0,Marco Werman
5835.0,3.0,0.0,Marco Werman
5838.0,3.0,0.0,Marco Werman
5841.0,3.0,0.0,Marco Werman
5844.0,3.0,0.0,Marco Werman
5847.0,3.0,0.0,Marco Werman
5850.0,3.0,0.0,Marco Werman
5853.0,3.0,0.0,Marco Werman
5856.0,3.0,0.0,Marco Werman
5859.0,3.0,0.0,Marco Werman
5862.0,3.0,0.0,Marco Werman
5865.0,3.0,0.0,Marco Werman
5868.0,3.0,0.0,Marco Werman
5871.0,3.0,0.0,Marco Werman
5874.0,3.0,0.0769230769231,Marco Werman
5877.0,3.0,0.0,Marco Werman
5880.0,3.0,0.318181818182,Marco Werman
5883.0,3.0,0.222222222222,Marco Werman
5886.0,3.0,0.125,Marco Werman
5889.0,3.0,0.0,Marco Werman
5892.0,3.0,0.0,Marco Werman
5895.0,3.0,0.0,Marco Werman
5898.0,3.0,0.0,Marco Werman
5901.0,3.0,0.0,Marco Werman
5904.0,3.0,0.0,Marco Werman
5907.0,3.0,0.0,Marco Werman
5910.0,3.0,0.0,Marco Werman
5913.0,3.0,0.0,Marco Werman
5916.0,3.0,0.0526315789474,Marco Werman
5919.0,3.0,0.0,Marco Werman
5922.0,3.0,0.0,Marco Werman
5925.0,3.0,0.0,Marco Werman
5928.0,3.0,0.0,Marco Werman
5931.0,3.0,0.0,Marco Werman
5934.0,3.0,0.0,Marco Werman
5937.0,3.0,0.0,Marco Werman
5940.0,3.0,0.0,Marco Werman
5943.0,3.0,0.0,Marco Werman
5946.0,3.0,0.0,Marco Werman
5949.0,3.0,0.0,Marco Werman
5952.0,3.0,0.111111111111,Marco Werman
5955.0,3.0,0.0,Marco Werman
5958.0,3.0,0.0,Marco Werman
5961.0,3.0,0.0434782608696,Marco Werman
5964.0,3.0,0.115384615385,Marco Werman
5967.0,3.0,0.190476190476,Marco Werman
5970.0,3.0,0.230769230769,Marco Werman
5973.0,3.0,0.15,Marco Werman
5976.0,3.0,0.136363636364,Marco Werman
5979.0,3.0,0.125,Marco Werman
5982.0,3.0,0.117647058824,Marco Werman
5985.0,3.0,0.25,Marco Werman
5988.0,3.0,0.0909090909091,Marco Werman
5991.0,3.0,0.0,Marco Werman
5994.0,3.0,0.0909090909091,Marco Werman
5997.0,3.0,0.227272727273,Marco Werman
6000.0,3.0,0.2,Marco Werman
6003.0,3.0,0.0,Marco Werman
6006.0,3.0,0.0,Marco Werman
6009.0,3.0,0.0,Marco Werman
6012.0,3.0,0.0,Marco Werman
6015.0,3.0,0.0,Marco Werman
6018.0,3.0,0.0,Marco Werman
6021.0,3.0,0.0,Marco Werman
6024.0,3.0,0.0,Marco Werman
6027.0,3.0,0.0,Marco Werman
6030.0,3.0,0.0714285714286,Marco Werman
6033.0,3.0,0.0,Marco Werman
6036.0,3.0,0.0,Marco Werman
6039.0,3.0,0.0,Marco Werman
6042.0,3.0,0.0,Marco Werman
6045.0,3.0,0.0,Marco Werman
6048.0,3.0,0.0357142857143,Marco Werman
6051.0,3.0,0.0,Marco Werman
6054.0,3.0,0.0,Marco Werman
6057.0,3.0,0.0,Marco Werman
6060.0,3.0,0.0,Marco Werman
6063.0,3.0,0.0,Marco Werman
6066.0,3.0,0.0,Marco Werman
6069.0,3.0,0.0,Marco Werman
6072.0,3.0,0.0,Marco Werman
6075.0,3.0,0.0,Marco Werman
6078.0,3.0,0.0,Marco Werman
6081.0,3.0,0.0,Marco Werman
6084.0,3.0,0.0,Marco Werman
6087.0,3.0,0.227272727273,Marco Werman
6090.0,3.0,0.105263157895,Marco Werman
6093.0,3.0,0.0,Marco Werman
6096.0,3.0,0.0,Marco Werman
6099.0,3.0,0.05,Marco Werman
6102.0,3.0,0.0,Marco Werman
6105.0,3.0,0.0,Marco Werman
6108.0,3.0,0.0,Marco Werman
6111.0,3.0,0.0,Marco Werman
6114.0,3.0,0.0454545454545,Marco Werman
6117.0,3.0,0.222222222222,Marco Werman
6120.0,3.0,0.0,Marco Werman
6123.0,3.0,0.0384615384615,Marco Werman
6126.0,3.0,0.0526315789474,Marco Werman
6129.0,3.0,0.0,Marco Werman
6132.0,3.0,0.0,Marco Werman
6135.0,3.0,0.0,Marco Werman
6138.0,3.0,0.0,Marco Werman
6141.0,3.0,0.0,Marco Werman
6144.0,3.0,0.0,Marco Werman
6147.0,3.0,0.0,Marco Werman
6150.0,3.0,0.0,Marco Werman
6153.0,3.0,0.0,Marco Werman
6156.0,3.0,0.0,Marco Werman
6159.0,3.0,0.0,Marco Werman
6162.0,3.0,0.0,Marco Werman
6165.0,3.0,0.0,Marco Werman
6168.0,3.0,0.0,Marco Werman
6171.0,3.0,0.0,Marco Werman
6174.0,3.0,0.05,Marco Werman
6177.0,3.0,0.0869565217391,Marco Werman
6180.0,3.0,0.0588235294118,Marco Werman
6183.0,3.0,0.0,Marco Werman
6186.0,3.0,0.0555555555556,Marco Werman
6189.0,3.0,0.0555555555556,Marco Werman
6192.0,3.0,0.0454545454545,Marco Werman
6195.0,3.0,0.136363636364,Marco Werman
6198.0,3.0,0.0,Marco Werman
6201.0,3.0,0.0,Marco Werman
6207.0,3.0,0.0625,Marco Werman
6210.0,3.0,0.0454545454545,Marco Werman
6213.0,3.0,0.148148148148,Marco Werman
6216.0,3.0,0.0526315789474,Marco Werman
6219.0,3.0,0.133333333333,Marco Werman
6222.0,3.0,0.0952380952381,Marco Werman
6225.0,3.0,0.0,Marco Werman
6228.0,3.0,0.125,Marco Werman
6231.0,3.0,0.0625,Marco Werman
6234.0,3.0,0.136363636364,Marco Werman
6237.0,3.0,0.2,Marco Werman
6240.0,3.0,0.111111111111,Marco Werman
6243.0,3.0,0.142857142857,Marco Werman
6246.0,3.0,0.35,Marco Werman
6249.0,3.0,0.0416666666667,Marco Werman
6252.0,3.0,0.15,Marco Werman
6255.0,3.0,0.0,Marco Werman
6258.0,3.0,0.125,Marco Werman
6261.0,3.0,0.0,Marco Werman
6264.0,3.0,0.0384615384615,Marco Werman
6267.0,3.0,0.0,Marco Werman
6270.0,3.0,0.0,Marco Werman
6273.0,3.0,0.115384615385,Marco Werman
6276.0,3.0,0.176470588235,Marco Werman
6279.0,3.0,0.0,Marco Werman
6282.0,3.0,0.0,Marco Werman
6285.0,3.0,0.1,Marco Werman
6288.0,3.0,0.0,Marco Werman
6291.0,3.0,0.04,Marco Werman
6294.0,3.0,0.0,Marco Werman
6297.0,3.0,0.0,Marco Werman
6300.0,3.0,0.0769230769231,Marco Werman
6303.0,3.0,0.16,Marco Werman
6306.0,3.0,0.105263157895,Marco Werman
6309.0,3.0,0.037037037037,Marco Werman
6312.0,3.0,0.0384615384615,Marco Werman
6315.0,3.0,0.16,Marco Werman
6318.0,3.0,0.0454545454545,Marco Werman
6321.0,3.0,0.0,Marco Werman
6324.0,3.0,0.0,Marco Werman
6327.0,3.0,0.0,Marco Werman
6330.0,3.0,0.0,Marco Werman
6333.0,3.0,0.0,Marco Werman
6336.0,3.0,0.0,Marco Werman
6339.0,3.0,0.0,Marco Werman
6342.0,3.0,0.117647058824,Marco Werman
6345.0,3.0,0.181818181818,Marco Werman
6348.0,3.0,0.04,Marco Werman
6351.0,3.0,0.16,Marco Werman
6354.0,3.0,0.0909090909091,Marco Werman
6357.0,3.0,0.1,Marco Werman
6360.0,3.0,0.0,Marco Werman
6363.0,3.0,0.0,Marco Werman
6366.0,3.0,0.217391304348,Marco Werman
6369.0,3.0,0.0416666666667,Marco Werman
6372.0,3.0,0.0,Marco Werman
6375.0,3.0,0.0416666666667,Marco Werman
6378.0,3.0,0.0,Marco Werman
6381.0,3.0,0.0,Marco Werman
6384.0,3.0,0.0384615384615,Marco Werman
6387.0,3.0,0.0,Marco Werman
6390.0,3.0,0.04,Marco Werman
6393.0,3.0,0.0,Marco Werman
6396.0,3.0,0.0555555555556,Marco Werman
6399.0,3.0,0.08,Marco Werman
6402.0,3.0,0.210526315789,Marco Werman
6405.0,3.0,0.0,Marco Werman
6408.0,3.0,0.0,Marco Werman
6411.0,3.0,0.0769230769231,Marco Werman
6414.0,3.0,0.0,Marco Werman
6417.0,3.0,0.0,Marco Werman
6420.0,3.0,0.0,Marco Werman
6423.0,3.0,0.0,Marco Werman
6426.0,3.0,0.0,Marco Werman
6429.0,3.0,0.0,Marco Werman
6432.0,3.0,0.0,Marco Werman
6435.0,3.0,0.0,Marco Werman
6438.0,3.0,0.0,Marco Werman
6441.0,3.0,0.0,Marco Werman
6444.0,3.0,0.0,Marco Werman
6447.0,3.0,0.0625,Marco Werman
6450.0,3.0,0.153846153846,Marco Werman
6453.0,3.0,0.0714285714286,Marco Werman
6456.0,3.0,0.0689655172414,Marco Werman
6459.0,3.0,0.0909090909091,Marco Werman
6462.0,3.0,0.0,Marco Werman
6465.0,3.0,0.0416666666667,Marco Werman
6468.0,3.0,0.047619047619,Marco Werman
6471.0,3.0,0.25,Marco Werman
6474.0,3.0,0.04,Marco Werman
6477.0,3.0,0.05,Marco Werman
6480.0,3.0,0.0,Marco Werman
6483.0,3.0,0.0,Marco Werman
6486.0,3.0,0.103448275862,Marco Werman
6489.0,3.0,0.0416666666667,Marco Werman
6492.0,3.0,0.04,Marco Werman
6495.0,3.0,0.0,Marco Werman
6498.0,3.0,0.0952380952381,Marco Werman
6501.0,3.0,0.222222222222,Marco Werman
6504.0,3.0,0.136363636364,Marco Werman
6507.0,3.0,0.136363636364,Marco Werman
6510.0,3.0,0.0,Marco Werman
6513.0,3.0,0.115384615385,Marco Werman
6516.0,3.0,0.0769230769231,Marco Werman
6519.0,3.0,0.153846153846,Marco Werman
6522.0,3.0,0.0,Marco Werman
6525.0,3.0,0.0,Marco Werman
6528.0,3.0,0.0909090909091,Marco Werman
6531.0,3.0,0.0,Marco Werman
6534.0,3.0,0.0,Marco Werman
6537.0,3.0,0.0,Marco Werman
6540.0,3.0,0.0666666666667,Marco Werman
6543.0,3.0,0.0,Marco Werman
6546.0,3.0,0.0,Marco Werman
6549.0,3.0,0.0357142857143,Marco Werman
6552.0,3.0,0.0,Marco Werman
6555.0,3.0,0.0,Marco Werman
6558.0,3.0,0.142857142857,Marco Werman
6561.0,3.0,0.0,Marco Werman
6564.0,3.0,0.0526315789474,Marco Werman
6567.0,3.0,0.192307692308,Marco Werman
6570.0,3.0,0.190476190476,Marco Werman
6573.0,3.0,0.0434782608696,Marco Werman
6576.0,3.0,0.125,Marco Werman
6579.0,3.0,0.0645161290323,Marco Werman
6582.0,3.0,0.12,Marco Werman
6585.0,3.0,0.0384615384615,Marco Werman
6588.0,3.0,0.0666666666667,Marco Werman
6591.0,3.0,0.0,Marco Werman
6594.0,3.0,0.0,Marco Werman
6597.0,3.0,0.0,Marco Werman
6600.0,3.0,0.210526315789,Marco Werman
6603.0,3.0,0.0,Marco Werman
6606.0,3.0,0.0,Marco Werman
6609.0,3.0,0.0869565217391,Marco Werman
6612.0,3.0,0.1,Marco Werman
6615.0,3.0,0.233333333333,Marco Werman
6618.0,3.0,0.346153846154,Marco Werman
6621.0,3.0,0.0,Marco Werman
6624.0,3.0,0.0,Marco Werman
6627.0,3.0,0.0,Marco Werman
6630.0,3.0,0.0,Marco Werman
6633.0,3.0,0.0,Marco Werman
6636.0,3.0,0.0,Marco Werman
6639.0,3.0,0.0909090909091,Marco Werman
6642.0,3.0,0.0,Marco Werman
6645.0,3.0,0.0,Marco Werman
6648.0,3.0,0.0,Marco Werman
6651.0,3.0,0.0,Marco Werman
6654.0,3.0,0.0,Marco Werman
6657.0,3.0,0.04,Marco Werman
6660.0,3.0,0.0454545454545,Marco Werman
6663.0,3.0,0.0,Marco Werman
6666.0,3.0,0.0,Marco Werman
6669.0,3.0,0.0,Marco Werman
6672.0,3.0,0.0,Marco Werman
6675.0,3.0,0.0909090909091,Marco Werman
6678.0,3.0,0.0,Marco Werman
6681.0,3.0,0.0909090909091,Marco Werman
6684.0,3.0,0.0666666666667,Marco Werman
6687.0,3.0,0.105263157895,Marco Werman
6690.0,3.0,0.0909090909091,Marco Werman
6693.0,3.0,0.208333333333,Marco Werman
6696.0,3.0,0.0384615384615,Marco Werman
6699.0,3.0,0.0357142857143,Marco Werman
6705.0,3.0,0.0,Marco Werman
6708.0,3.0,0.0,Marco Werman
6711.0,3.0,0.0,Marco Werman
6714.0,3.0,0.166666666667,Marco Werman
6717.0,3.0,0.04,Marco Werman
6720.0,3.0,0.166666666667,Marco Werman
6723.0,3.0,0.0526315789474,Marco Werman
6726.0,3.0,0.0,Marco Werman
6729.0,3.0,0.0526315789474,Marco Werman
6732.0,3.0,0.0,Marco Werman
6735.0,3.0,0.0,Marco Werman
6738.0,3.0,0.0,Marco Werman
6741.0,3.0,0.0,Marco Werman
6744.0,3.0,0.0,Marco Werman
6747.0,3.0,0.0,Marco Werman
6750.0,3.0,0.105263157895,Marco Werman
6753.0,3.0,0.0,Marco Werman
6756.0,3.0,0.0714285714286,Marco Werman
6759.0,3.0,0.0,Marco Werman
6762.0,3.0,0.0,Marco Werman
6765.0,3.0,0.0,Marco Werman
6768.0,3.0,0.0,Marco Werman
6771.0,3.0,0.0454545454545,Marco Werman
6774.0,3.0,0.0,Marco Werman
6777.0,3.0,0.0555555555556,Marco Werman
6780.0,3.0,0.0454545454545,Marco Werman
6783.0,3.0,0.0588235294118,Marco Werman
6786.0,3.0,0.047619047619,Marco Werman
6789.0,3.0,0.0,Marco Werman
6792.0,3.0,0.05,Marco Werman
6795.0,3.0,0.137931034483,Marco Werman
6798.0,3.0,0.0869565217391,Marco Werman
6801.0,3.0,0.294117647059,Marco Werman
6804.0,3.0,0.0,Marco Werman
6807.0,3.0,0.16,Marco Werman
6810.0,3.0,0.0,Marco Werman
6813.0,3.0,0.0,Marco Werman
6816.0,3.0,0.0,Marco Werman
6819.0,3.0,0.0,Marco Werman
6822.0,3.0,0.0,Marco Werman
6825.0,3.0,0.0,Marco Werman
6828.0,3.0,0.0,Marco Werman
6831.0,3.0,0.0,Marco Werman
6834.0,3.0,0.0,Marco Werman
6837.0,3.0,0.0555555555556,Marco Werman
6840.0,3.0,0.0,Marco Werman
6843.0,3.0,0.0,Marco Werman
6846.0,3.0,0.0384615384615,Marco Werman
6849.0,3.0,0.0384615384615,Marco Werman
6852.0,3.0,0.0,Marco Werman
6855.0,3.0,0.0,Marco Werman
6858.0,3.0,0.0909090909091,Marco Werman
6861.0,3.0,0.115384615385,Marco Werman
6864.0,3.0,0.0454545454545,Marco Werman
6867.0,3.0,0.318181818182,Marco Werman
6870.0,3.0,0.0666666666667,Marco Werman
6873.0,3.0,0.0,Marco Werman
6876.0,3.0,0.0,Marco Werman
6879.0,3.0,0.0,Marco Werman
6882.0,3.0,0.0,Marco Werman
6885.0,3.0,0.0526315789474,Marco Werman
6888.0,3.0,0.04,Marco Werman
6891.0,3.0,0.0,Marco Werman
6894.0,3.0,0.0,Marco Werman
6897.0,3.0,0.0,Marco Werman
6900.0,3.0,0.0,Marco Werman
6903.0,3.0,0.0,Marco Werman
6906.0,3.0,0.0,Marco Werman
6909.0,3.0,0.0,Marco Werman
6912.0,3.0,0.0,Marco Werman
6915.0,3.0,0.0,Marco Werman
6918.0,3.0,0.0,Marco Werman
6921.0,3.0,0.0,Marco Werman
6924.0,3.0,0.0,Marco Werman
6927.0,3.0,0.0,Marco Werman
6930.0,3.0,0.0,Marco Werman
6933.0,3.0,0.0,Marco Werman
6936.0,3.0,0.0,Marco Werman
6939.0,3.0,0.0,Marco Werman
6942.0,3.0,0.0,Marco Werman
6945.0,3.0,0.0,Marco Werman
6948.0,3.0,0.0588235294118,Marco Werman
6951.0,3.0,0.0,Marco Werman
6954.0,3.0,0.0384615384615,Marco Werman
6957.0,3.0,0.0,Marco Werman
6960.0,3.0,0.0,Marco Werman
6963.0,3.0,0.0,Marco Werman
6966.0,3.0,0.0384615384615,Marco Werman
6969.0,3.0,0.153846153846,Marco Werman
6972.0,3.0,0.0,Marco Werman
6975.0,3.0,0.176470588235,Marco Werman
6978.0,3.0,0.0,Marco Werman
6981.0,3.0,0.0,Marco Werman
6984.0,3.0,0.0,Marco Werman
6987.0,3.0,0.0,Marco Werman
6990.0,3.0,0.0,Marco Werman
6993.0,3.0,0.0,Marco Werman
6996.0,3.0,0.0,Marco Werman
6999.0,3.0,0.105263157895,Marco Werman
7002.0,3.0,0.0416666666667,Marco Werman
7005.0,3.0,0.0,Marco Werman
7008.0,3.0,0.0,Marco Werman
7011.0,3.0,0.16,Marco Werman
7014.0,3.0,0.0588235294118,Marco Werman
7017.0,3.0,0.0869565217391,Marco Werman
7020.0,3.0,0.0,Marco Werman
7023.0,3.0,0.0,Marco Werman
7026.0,3.0,0.0,Marco Werman
7029.0,3.0,0.037037037037,Marco Werman
7032.0,3.0,0.173913043478,Marco Werman
7035.0,3.0,0.04,Marco Werman
7038.0,3.0,0.0,Marco Werman
7041.0,3.0,0.0434782608696,Marco Werman
7044.0,3.0,0.037037037037,Marco Werman
7047.0,3.0,0.0909090909091,Marco Werman
7050.0,3.0,0.0,Marco Werman
7053.0,3.0,0.0,Marco Werman
7056.0,3.0,0.0714285714286,Marco Werman
7059.0,3.0,0.08,Marco Werman
7062.0,3.0,0.0588235294118,Marco Werman
7065.0,3.0,0.107142857143,Marco Werman
7068.0,3.0,0.0,Marco Werman
7071.0,3.0,0.0,Marco Werman
7074.0,3.0,0.0,Marco Werman
7077.0,3.0,0.0909090909091,Marco Werman
7080.0,3.0,0.08,Marco Werman
7083.0,3.0,0.0,Marco Werman
7086.0,3.0,0.0416666666667,Marco Werman
7089.0,3.0,0.04,Marco Werman
7092.0,3.0,0.0,Marco Werman
7095.0,3.0,0.0555555555556,Marco Werman
7098.0,3.0,0.0,Marco Werman
7101.0,3.0,0.0,Marco Werman
7104.0,3.0,0.0,Marco Werman
7107.0,3.0,0.0,Marco Werman
