0.0,3.0,0.0,Marco Werman
3.0,3.0,0.0,Marco Werman
6.0,3.0,0.0,Marco Werman
9.0,3.0,0.0,Marco Werman
12.0,3.0,0.0,Marco Werman
15.0,3.0,0.0,Marco Werman
18.0,3.0,0.0,Marco Werman
21.0,3.0,0.0,Marco Werman
24.0,3.0,0.0,Marco Werman
27.0,3.0,0.0,Marco Werman
30.0,3.0,0.0454545454545,Marco Werman
33.0,3.0,0.0,Marco Werman
36.0,3.0,0.0,Marco Werman
39.0,3.0,0.0,Marco Werman
42.0,3.0,0.0,Marco Werman
45.0,3.0,0.0,Marco Werman
48.0,3.0,0.0,Marco Werman
51.0,3.0,0.0,Marco Werman
54.0,3.0,0.0,Marco Werman
57.0,3.0,0.0,Marco Werman
60.0,3.0,0.0,Marco Werman
63.0,3.0,0.0,Marco Werman
66.0,3.0,0.0,Marco Werman
69.0,3.0,0.0,Marco Werman
72.0,3.0,0.0,Marco Werman
75.0,3.0,0.0,Marco Werman
78.0,3.0,0.0,Marco Werman
81.0,3.0,0.0,Marco Werman
84.0,3.0,0.0,Marco Werman
87.0,3.0,0.04,Marco Werman
90.0,3.0,0.0,Marco Werman
93.0,3.0,0.0,Marco Werman
96.0,3.0,0.0,Marco Werman
99.0,3.0,0.0,Marco Werman
102.0,3.0,0.0,Marco Werman
105.0,3.0,0.0454545454545,Marco Werman
108.0,3.0,0.0,Marco Werman
111.0,3.0,0.0,Marco Werman
114.0,3.0,0.0,Marco Werman
117.0,3.0,0.0,Marco Werman
120.0,3.0,0.0,Marco Werman
123.0,3.0,0.0,Marco Werman
126.0,3.0,0.0,Marco Werman
129.0,3.0,0.0,Marco Werman
132.0,3.0,0.0,Marco Werman
135.0,3.0,0.0,Marco Werman
138.0,3.0,0.0,Marco Werman
141.0,3.0,0.0714285714286,Marco Werman
144.0,3.0,0.0,Marco Werman
147.0,3.0,0.0,Marco Werman
150.0,3.0,0.0,Marco Werman
153.0,3.0,0.0,Marco Werman
156.0,3.0,0.0,Marco Werman
159.0,3.0,0.0,Marco Werman
162.0,3.0,0.0,Marco Werman
165.0,3.0,0.0,Marco Werman
168.0,3.0,0.0,Marco Werman
171.0,3.0,0.0869565217391,Marco Werman
174.0,3.0,0.0,Marco Werman
177.0,3.0,0.0,Marco Werman
180.0,3.0,0.0,Marco Werman
183.0,3.0,0.0,Marco Werman
186.0,3.0,0.0,Marco Werman
189.0,3.0,0.0,Marco Werman
195.0,3.0,0.0384615384615,Marco Werman
198.0,3.0,0.0,Marco Werman
201.0,3.0,0.0,Marco Werman
204.0,3.0,0.0,Marco Werman
207.0,3.0,0.0,Marco Werman
210.0,3.0,0.0,Marco Werman
213.0,3.0,0.0526315789474,Marco Werman
216.0,3.0,0.0,Marco Werman
219.0,3.0,0.0,Marco Werman
222.0,3.0,0.0,Marco Werman
225.0,3.0,0.0,Marco Werman
228.0,3.0,0.0,Marco Werman
231.0,3.0,0.0,Marco Werman
234.0,3.0,0.0714285714286,Marco Werman
237.0,3.0,0.04,Marco Werman
240.0,3.0,0.0,Marco Werman
243.0,3.0,0.107142857143,Marco Werman
246.0,3.0,0.166666666667,Marco Werman
249.0,3.0,0.24,Marco Werman
252.0,3.0,0.0555555555556,Marco Werman
255.0,3.0,0.05,Marco Werman
258.0,3.0,0.173913043478,Marco Werman
261.0,3.0,0.210526315789,Marco Werman
264.0,3.0,0.176470588235,Marco Werman
267.0,3.0,0.142857142857,Marco Werman
270.0,3.0,0.0,Marco Werman
273.0,3.0,0.0,Marco Werman
276.0,3.0,0.2,Marco Werman
279.0,3.0,0.0,Marco Werman
282.0,3.0,0.0333333333333,Marco Werman
285.0,3.0,0.0,Marco Werman
288.0,3.0,0.0,Marco Werman
291.0,3.0,0.0,Marco Werman
294.0,3.0,0.04,Marco Werman
297.0,3.0,0.04,Marco Werman
300.0,3.0,0.0869565217391,Marco Werman
303.0,3.0,0.125,Marco Werman
306.0,3.0,0.0357142857143,Marco Werman
309.0,3.0,0.0,Marco Werman
312.0,3.0,0.0,Marco Werman
315.0,3.0,0.0,Marco Werman
318.0,3.0,0.0,Marco Werman
321.0,3.0,0.0,Marco Werman
324.0,3.0,0.0,Marco Werman
327.0,3.0,0.08,Marco Werman
330.0,3.0,0.0,Marco Werman
333.0,3.0,0.0,Marco Werman
336.0,3.0,0.0,Marco Werman
339.0,3.0,0.037037037037,Marco Werman
342.0,3.0,0.0,Marco Werman
345.0,3.0,0.0,Marco Werman
348.0,3.0,0.0555555555556,Marco Werman
351.0,3.0,0.0,Marco Werman
354.0,3.0,0.0,Marco Werman
357.0,3.0,0.0,Marco Werman
360.0,3.0,0.0344827586207,Marco Werman
363.0,3.0,0.117647058824,Marco Werman
366.0,3.0,0.0,Marco Werman
369.0,3.0,0.214285714286,Marco Werman
372.0,3.0,0.0833333333333,Marco Werman
375.0,3.0,0.192307692308,Marco Werman
378.0,3.0,0.0,Marco Werman
381.0,3.0,0.0555555555556,Marco Werman
384.0,3.0,0.0,Marco Werman
387.0,3.0,0.0,Marco Werman
390.0,3.0,0.0416666666667,Marco Werman
393.0,3.0,0.0833333333333,Marco Werman
396.0,3.0,0.0952380952381,Marco Werman
399.0,3.0,0.153846153846,Marco Werman
402.0,3.0,0.173913043478,Marco Werman
405.0,3.0,0.142857142857,Marco Werman
408.0,3.0,0.08,Marco Werman
411.0,3.0,0.1,Marco Werman
414.0,3.0,0.0,Marco Werman
417.0,3.0,0.153846153846,Marco Werman
420.0,3.0,0.0434782608696,Marco Werman
423.0,3.0,0.15,Marco Werman
426.0,3.0,0.0555555555556,Marco Werman
429.0,3.0,0.388888888889,Marco Werman
432.0,3.0,0.142857142857,Marco Werman
435.0,3.0,0.1,Marco Werman
438.0,3.0,0.2,Marco Werman
441.0,3.0,0.2,Marco Werman
444.0,3.0,0.178571428571,Marco Werman
447.0,3.0,0.25,Marco Werman
450.0,3.0,0.190476190476,Marco Werman
453.0,3.0,0.25,Marco Werman
456.0,3.0,0.166666666667,Marco Werman
459.0,3.0,0.318181818182,Marco Werman
462.0,3.0,0.142857142857,Marco Werman
465.0,3.0,0.263157894737,Marco Werman
468.0,3.0,0.0714285714286,Marco Werman
471.0,3.0,0.0526315789474,Marco Werman
474.0,3.0,0.1875,Marco Werman
477.0,3.0,0.0769230769231,Marco Werman
480.0,3.0,0.130434782609,Marco Werman
483.0,3.0,0.047619047619,Marco Werman
486.0,3.0,0.0454545454545,Marco Werman
489.0,3.0,0.0666666666667,Marco Werman
492.0,3.0,0.190476190476,Marco Werman
495.0,3.0,0.137931034483,Marco Werman
498.0,3.0,0.0588235294118,Marco Werman
501.0,3.0,0.117647058824,Marco Werman
504.0,3.0,0.0714285714286,Marco Werman
507.0,3.0,0.130434782609,Marco Werman
510.0,3.0,0.0416666666667,Marco Werman
513.0,3.0,0.04,Marco Werman
516.0,3.0,0.0,Marco Werman
519.0,3.0,0.0,Marco Werman
522.0,3.0,0.0,Marco Werman
525.0,3.0,0.0,Marco Werman
528.0,3.0,0.105263157895,Marco Werman
531.0,3.0,0.0,Marco Werman
534.0,3.0,0.0,Marco Werman
537.0,3.0,0.08,Marco Werman
540.0,3.0,0.185185185185,Marco Werman
543.0,3.0,0.0,Marco Werman
546.0,3.0,0.0,Marco Werman
549.0,3.0,0.0434782608696,Marco Werman
552.0,3.0,0.0,Marco Werman
555.0,3.0,0.0666666666667,Marco Werman
558.0,3.0,0.0,Marco Werman
561.0,3.0,0.0,Marco Werman
564.0,3.0,0.0,Marco Werman
567.0,3.0,0.0,Marco Werman
570.0,3.0,0.0,Marco Werman
573.0,3.0,0.0,Marco Werman
576.0,3.0,0.0,Marco Werman
579.0,3.0,0.0,Marco Werman
582.0,3.0,0.0357142857143,Marco Werman
585.0,3.0,0.217391304348,Marco Werman
588.0,3.0,0.192307692308,Marco Werman
591.0,3.0,0.105263157895,Marco Werman
594.0,3.0,0.0689655172414,Marco Werman
597.0,3.0,0.24,Marco Werman
600.0,3.0,0.178571428571,Marco Werman
603.0,3.0,0.1875,Marco Werman
606.0,3.0,0.04,Marco Werman
609.0,3.0,0.0,Marco Werman
612.0,3.0,0.1,Marco Werman
615.0,3.0,0.1,Marco Werman
618.0,3.0,0.0,Marco Werman
621.0,3.0,0.0,Marco Werman
624.0,3.0,0.0,Marco Werman
627.0,3.0,0.0,Marco Werman
630.0,3.0,0.0,Marco Werman
633.0,3.0,0.0,Marco Werman
636.0,3.0,0.0,Marco Werman
639.0,3.0,0.0740740740741,Marco Werman
642.0,3.0,0.0833333333333,Marco Werman
645.0,3.0,0.0,Marco Werman
648.0,3.0,0.0,Marco Werman
651.0,3.0,0.05,Marco Werman
654.0,3.0,0.0,Marco Werman
657.0,3.0,0.0,Marco Werman
660.0,3.0,0.0454545454545,Marco Werman
663.0,3.0,0.0,Marco Werman
666.0,3.0,0.0,Marco Werman
669.0,3.0,0.0,Marco Werman
672.0,3.0,0.0,Marco Werman
675.0,3.0,0.0,Marco Werman
678.0,3.0,0.0,Marco Werman
681.0,3.0,0.0,Marco Werman
684.0,3.0,0.0,Marco Werman
687.0,3.0,0.0,Marco Werman
690.0,3.0,0.04,Marco Werman
693.0,3.0,0.0,Marco Werman
696.0,3.0,0.0714285714286,Marco Werman
699.0,3.0,0.0,Marco Werman
702.0,3.0,0.037037037037,Marco Werman
705.0,3.0,0.0526315789474,Marco Werman
708.0,3.0,0.0625,Marco Werman
711.0,3.0,0.0833333333333,Marco Werman
714.0,3.0,0.0,Marco Werman
717.0,3.0,0.0416666666667,Marco Werman
720.0,3.0,0.0,Marco Werman
723.0,3.0,0.0909090909091,Marco Werman
726.0,3.0,0.08,Marco Werman
729.0,3.0,0.0,Marco Werman
732.0,3.0,0.0,Marco Werman
735.0,3.0,0.0,Marco Werman
738.0,3.0,0.0,Marco Werman
741.0,3.0,0.2,Marco Werman
744.0,3.0,0.0,Marco Werman
747.0,3.0,0.0833333333333,Marco Werman
750.0,3.0,0.0,Marco Werman
753.0,3.0,0.0,Marco Werman
756.0,3.0,0.105263157895,Marco Werman
759.0,3.0,0.0,Marco Werman
762.0,3.0,0.0555555555556,Marco Werman
765.0,3.0,0.0454545454545,Marco Werman
768.0,3.0,0.0,Marco Werman
771.0,3.0,0.0555555555556,Marco Werman
774.0,3.0,0.0,Marco Werman
777.0,3.0,0.0833333333333,Marco Werman
780.0,3.0,0.0,Marco Werman
783.0,3.0,0.0,Marco Werman
786.0,3.0,0.047619047619,Marco Werman
789.0,3.0,0.0,Marco Werman
792.0,3.0,0.0,Marco Werman
795.0,3.0,0.0,Marco Werman
798.0,3.0,0.0,Marco Werman
801.0,3.0,0.0,Marco Werman
804.0,3.0,0.185185185185,Marco Werman
807.0,3.0,0.0,Marco Werman
810.0,3.0,0.0,Marco Werman
813.0,3.0,0.0,Marco Werman
816.0,3.0,0.0,Marco Werman
819.0,3.0,0.0,Marco Werman
822.0,3.0,0.0,Marco Werman
825.0,3.0,0.0,Marco Werman
828.0,3.0,0.0,Marco Werman
831.0,3.0,0.0,Marco Werman
834.0,3.0,0.0588235294118,Marco Werman
837.0,3.0,0.0,Marco Werman
840.0,3.0,0.115384615385,Marco Werman
843.0,3.0,0.0,Marco Werman
846.0,3.0,0.0,Marco Werman
849.0,3.0,0.0,Marco Werman
852.0,3.0,0.0,Marco Werman
855.0,3.0,0.0,Marco Werman
858.0,3.0,0.0555555555556,Marco Werman
861.0,3.0,0.0384615384615,Marco Werman
864.0,3.0,0.0,Marco Werman
867.0,3.0,0.0,Marco Werman
870.0,3.0,0.0,Marco Werman
873.0,3.0,0.0,Marco Werman
876.0,3.0,0.0,Marco Werman
879.0,3.0,0.0,Marco Werman
882.0,3.0,0.0,Marco Werman
885.0,3.0,0.0416666666667,Marco Werman
888.0,3.0,0.0,Marco Werman
891.0,3.0,0.0,Marco Werman
894.0,3.0,0.037037037037,Marco Werman
897.0,3.0,0.0,Marco Werman
900.0,3.0,0.0,Marco Werman
903.0,3.0,0.0,Marco Werman
906.0,3.0,0.0,Marco Werman
909.0,3.0,0.0,Marco Werman
912.0,3.0,0.0,Marco Werman
915.0,3.0,0.0,Marco Werman
918.0,3.0,0.0,Marco Werman
921.0,3.0,0.0,Marco Werman
924.0,3.0,0.0454545454545,Marco Werman
927.0,3.0,0.05,Marco Werman
930.0,3.0,0.0,Marco Werman
933.0,3.0,0.0526315789474,Marco Werman
936.0,3.0,0.0434782608696,Marco Werman
939.0,3.0,0.0,Marco Werman
942.0,3.0,0.0,Marco Werman
945.0,3.0,0.0,Marco Werman
948.0,3.0,0.0,Marco Werman
951.0,3.0,0.0714285714286,Marco Werman
954.0,3.0,0.0,Marco Werman
957.0,3.0,0.0,Marco Werman
960.0,3.0,0.04,Marco Werman
963.0,3.0,0.0952380952381,Marco Werman
966.0,3.0,0.0,Marco Werman
969.0,3.0,0.0,Marco Werman
972.0,3.0,0.0,Marco Werman
975.0,3.0,0.0,Marco Werman
978.0,3.0,0.0,Marco Werman
981.0,3.0,0.0,Marco Werman
984.0,3.0,0.0,Marco Werman
987.0,3.0,0.0,Marco Werman
990.0,3.0,0.0357142857143,Marco Werman
993.0,3.0,0.0,Marco Werman
996.0,3.0,0.0,Marco Werman
999.0,3.0,0.0,Marco Werman
1002.0,3.0,0.0,Marco Werman
1005.0,3.0,0.0,Marco Werman
1008.0,3.0,0.08,Marco Werman
1011.0,3.0,0.0,Marco Werman
1014.0,3.0,0.0,Marco Werman
1017.0,3.0,0.0,Marco Werman
1020.0,3.0,0.0,Marco Werman
1023.0,3.0,0.0,Marco Werman
1026.0,3.0,0.0,Marco Werman
1029.0,3.0,0.0,Marco Werman
1032.0,3.0,0.0,Marco Werman
1035.0,3.0,0.0,Marco Werman
1038.0,3.0,0.0,Marco Werman
1041.0,3.0,0.0,Marco Werman
1044.0,3.0,0.0769230769231,Marco Werman
1047.0,3.0,0.0,Marco Werman
1050.0,3.0,0.04,Marco Werman
1053.0,3.0,0.0,Marco Werman
1056.0,3.0,0.0,Marco Werman
1059.0,3.0,0.0,Marco Werman
1062.0,3.0,0.0,Marco Werman
1065.0,3.0,0.0,Marco Werman
1068.0,3.0,0.0,Marco Werman
1071.0,3.0,0.0,Marco Werman
1074.0,3.0,0.0,Marco Werman
1077.0,3.0,0.0,Marco Werman
1080.0,3.0,0.0,Marco Werman
1083.0,3.0,0.0434782608696,Marco Werman
1086.0,3.0,0.0,Marco Werman
1089.0,3.0,0.0909090909091,Marco Werman
1092.0,3.0,0.0,Marco Werman
1095.0,3.0,0.0,Marco Werman
1098.0,3.0,0.0,Marco Werman
1101.0,3.0,0.0,Marco Werman
1104.0,3.0,0.0,Marco Werman
1107.0,3.0,0.0769230769231,Marco Werman
1110.0,3.0,0.0416666666667,Marco Werman
1113.0,3.0,0.227272727273,Marco Werman
1116.0,3.0,0.25,Marco Werman
1119.0,3.0,0.0,Marco Werman
1122.0,3.0,0.173913043478,Marco Werman
1125.0,3.0,0.0,Marco Werman
1128.0,3.0,0.0,Marco Werman
1131.0,3.0,0.1,Marco Werman
1134.0,3.0,0.0740740740741,Marco Werman
1137.0,3.0,0.0344827586207,Marco Werman
1140.0,3.0,0.0,Marco Werman
1143.0,3.0,0.047619047619,Marco Werman
1146.0,3.0,0.0,Marco Werman
1149.0,3.0,0.0454545454545,Marco Werman
1152.0,3.0,0.0,Marco Werman
1155.0,3.0,0.0434782608696,Marco Werman
1158.0,3.0,0.0,Marco Werman
1161.0,3.0,0.0,Marco Werman
1164.0,3.0,0.0,Marco Werman
1167.0,3.0,0.0625,Marco Werman
1170.0,3.0,0.0,Marco Werman
1173.0,3.0,0.0,Marco Werman
1176.0,3.0,0.0384615384615,Marco Werman
1179.0,3.0,0.0,Marco Werman
1182.0,3.0,0.0,Marco Werman
1185.0,3.0,0.0,Marco Werman
1188.0,3.0,0.0,Marco Werman
1191.0,3.0,0.238095238095,Marco Werman
1194.0,3.0,0.0,Marco Werman
1197.0,3.0,0.0,Marco Werman
1200.0,3.0,0.0,Marco Werman
1203.0,3.0,0.0,Marco Werman
1206.0,3.0,0.05,Marco Werman
1209.0,3.0,0.0,Marco Werman
1212.0,3.0,0.0,Marco Werman
1215.0,3.0,0.0,Marco Werman
1218.0,3.0,0.0,Marco Werman
1221.0,3.0,0.0,Marco Werman
1224.0,3.0,0.04,Marco Werman
1227.0,3.0,0.0,Marco Werman
1230.0,3.0,0.0,Marco Werman
1233.0,3.0,0.0,Marco Werman
1236.0,3.0,0.0,Marco Werman
1239.0,3.0,0.0,Marco Werman
1242.0,3.0,0.0,Marco Werman
1245.0,3.0,0.0,Marco Werman
1248.0,3.0,0.047619047619,Marco Werman
1251.0,3.0,0.0,Marco Werman
1254.0,3.0,0.0,Marco Werman
1257.0,3.0,0.0,Marco Werman
1260.0,3.0,0.0,Marco Werman
1263.0,3.0,0.0,Marco Werman
1266.0,3.0,0.0,Marco Werman
1269.0,3.0,0.0,Marco Werman
1272.0,3.0,0.05,Marco Werman
1275.0,3.0,0.0,Marco Werman
1278.0,3.0,0.0,Marco Werman
1281.0,3.0,0.0,Marco Werman
1284.0,3.0,0.0,Marco Werman
1287.0,3.0,0.0,Marco Werman
1290.0,3.0,0.0,Marco Werman
1293.0,3.0,0.0,Marco Werman
1296.0,3.0,0.0,Marco Werman
1299.0,3.0,0.0,Marco Werman
1302.0,3.0,0.0,Marco Werman
1305.0,3.0,0.0740740740741,Marco Werman
1308.0,3.0,0.1,Marco Werman
1311.0,3.0,0.111111111111,Marco Werman
1314.0,3.0,0.263157894737,Marco Werman
1317.0,3.0,0.0416666666667,Marco Werman
1320.0,3.0,0.0666666666667,Marco Werman
1323.0,3.0,0.173913043478,Marco Werman
1326.0,3.0,0.0,Marco Werman
1329.0,3.0,0.0588235294118,Marco Werman
1332.0,3.0,0.0526315789474,Marco Werman
1335.0,3.0,0.0,Marco Werman
1338.0,3.0,0.142857142857,Marco Werman
1341.0,3.0,0.136363636364,Marco Werman
1344.0,3.0,0.0,Marco Werman
1347.0,3.0,0.0,Marco Werman
1350.0,3.0,0.0,Marco Werman
1353.0,3.0,0.0,Marco Werman
1356.0,3.0,0.0,Marco Werman
1359.0,3.0,0.0,Marco Werman
1362.0,3.0,0.0769230769231,Marco Werman
1365.0,3.0,0.0,Marco Werman
1368.0,3.0,0.05,Marco Werman
1371.0,3.0,0.0,Marco Werman
1374.0,3.0,0.0,Marco Werman
1377.0,3.0,0.0,Marco Werman
1380.0,3.0,0.0,Marco Werman
1383.0,3.0,0.0,Marco Werman
1386.0,3.0,0.0555555555556,Marco Werman
1389.0,3.0,0.0952380952381,Marco Werman
1392.0,3.0,0.148148148148,Marco Werman
1395.0,3.0,0.136363636364,Marco Werman
1398.0,3.0,0.117647058824,Marco Werman
1401.0,3.0,0.0,Marco Werman
1404.0,3.0,0.05,Marco Werman
1407.0,3.0,0.0,Marco Werman
1410.0,3.0,0.227272727273,Marco Werman
1413.0,3.0,0.0454545454545,Marco Werman
1416.0,3.0,0.0,Marco Werman
1419.0,3.0,0.0588235294118,Marco Werman
1422.0,3.0,0.105263157895,Marco Werman
1425.0,3.0,0.166666666667,Marco Werman
1428.0,3.0,0.0555555555556,Marco Werman
1431.0,3.0,0.15,Marco Werman
1434.0,3.0,0.0,Marco Werman
1437.0,3.0,0.0,Marco Werman
1440.0,3.0,0.0,Marco Werman
1443.0,3.0,0.05,Marco Werman
1446.0,3.0,0.190476190476,Marco Werman
1449.0,3.0,0.0454545454545,Marco Werman
1452.0,3.0,0.117647058824,Marco Werman
1455.0,3.0,0.0,Marco Werman
1458.0,3.0,0.0,Marco Werman
1461.0,3.0,0.0,Marco Werman
1464.0,3.0,0.0,Marco Werman
1467.0,3.0,0.0,Marco Werman
1470.0,3.0,0.0,Marco Werman
1473.0,3.0,0.0,Marco Werman
1476.0,3.0,0.0,Marco Werman
1479.0,3.0,0.0,Marco Werman
1482.0,3.0,0.0,Marco Werman
1485.0,3.0,0.0,Marco Werman
1488.0,3.0,0.0,Marco Werman
1491.0,3.0,0.0,Marco Werman
1494.0,3.0,0.0625,Marco Werman
1497.0,3.0,0.0,Marco Werman
1500.0,3.0,0.0,Marco Werman
1503.0,3.0,0.0,Marco Werman
1506.0,3.0,0.0666666666667,Marco Werman
1509.0,3.0,0.0,Marco Werman
1512.0,3.0,0.0,Marco Werman
1515.0,3.0,0.105263157895,Marco Werman
1518.0,3.0,0.037037037037,Marco Werman
1521.0,3.0,0.0,Marco Werman
1524.0,3.0,0.0,Marco Werman
1527.0,3.0,0.0,Marco Werman
1530.0,3.0,0.0,Marco Werman
1533.0,3.0,0.0,Marco Werman
1536.0,3.0,0.0,Marco Werman
1539.0,3.0,0.0,Marco Werman
1542.0,3.0,0.047619047619,Marco Werman
1545.0,3.0,0.0,Marco Werman
1548.0,3.0,0.0,Marco Werman
1551.0,3.0,0.047619047619,Marco Werman
1554.0,3.0,0.0,Marco Werman
1557.0,3.0,0.0,Marco Werman
1560.0,3.0,0.0,Marco Werman
1563.0,3.0,0.0,Marco Werman
1566.0,3.0,0.0,Marco Werman
1569.0,3.0,0.0,Marco Werman
1572.0,3.0,0.0,Marco Werman
1575.0,3.0,0.0909090909091,Marco Werman
1578.0,3.0,0.0,Marco Werman
1581.0,3.0,0.0,Marco Werman
1584.0,3.0,0.0,Marco Werman
1587.0,3.0,0.0,Marco Werman
1590.0,3.0,0.0,Marco Werman
1593.0,3.0,0.111111111111,Marco Werman
1596.0,3.0,0.0,Marco Werman
1599.0,3.0,0.0,Marco Werman
1602.0,3.0,0.0,Marco Werman
1605.0,3.0,0.0,Marco Werman
1608.0,3.0,0.0,Marco Werman
1611.0,3.0,0.0,Marco Werman
1614.0,3.0,0.0,Marco Werman
1617.0,3.0,0.0,Marco Werman
1620.0,3.0,0.0,Marco Werman
1623.0,3.0,0.0,Marco Werman
1626.0,3.0,0.0,Marco Werman
1629.0,3.0,0.0,Marco Werman
1632.0,3.0,0.0,Marco Werman
1635.0,3.0,0.0,Marco Werman
1638.0,3.0,0.0,Marco Werman
1641.0,3.0,0.0416666666667,Marco Werman
1644.0,3.0,0.0625,Marco Werman
1647.0,3.0,0.0,Marco Werman
1650.0,3.0,0.0,Marco Werman
1653.0,3.0,0.0,Marco Werman
1656.0,3.0,0.0,Marco Werman
1659.0,3.0,0.0,Marco Werman
1662.0,3.0,0.0,Marco Werman
1665.0,3.0,0.0,Marco Werman
1668.0,3.0,0.0,Marco Werman
1671.0,3.0,0.0454545454545,Marco Werman
1674.0,3.0,0.0,Marco Werman
1677.0,3.0,0.0,Marco Werman
1680.0,3.0,0.0,Marco Werman
1683.0,3.0,0.0,Marco Werman
1686.0,3.0,0.0416666666667,Marco Werman
1689.0,3.0,0.153846153846,Marco Werman
1692.0,3.0,0.0,Marco Werman
1695.0,3.0,0.037037037037,Marco Werman
1698.0,3.0,0.0,Marco Werman
1701.0,3.0,0.0,Marco Werman
1704.0,3.0,0.0,Marco Werman
1707.0,3.0,0.0,Marco Werman
1710.0,3.0,0.0,Marco Werman
1713.0,3.0,0.0,Marco Werman
1716.0,3.0,0.0,Marco Werman
1719.0,3.0,0.0526315789474,Marco Werman
1722.0,3.0,0.0384615384615,Marco Werman
1725.0,3.0,0.0,Marco Werman
1728.0,3.0,0.0588235294118,Marco Werman
1731.0,3.0,0.157894736842,Marco Werman
1734.0,3.0,0.0454545454545,Marco Werman
1737.0,3.0,0.0,Marco Werman
1740.0,3.0,0.0,Marco Werman
1743.0,3.0,0.0,Marco Werman
1746.0,3.0,0.0,Marco Werman
1749.0,3.0,0.0,Marco Werman
1752.0,3.0,0.0,Marco Werman
1755.0,3.0,0.0740740740741,Marco Werman
1758.0,3.0,0.0,Marco Werman
1761.0,3.0,0.04,Marco Werman
1764.0,3.0,0.0,Marco Werman
1767.0,3.0,0.0,Marco Werman
1770.0,3.0,0.0,Marco Werman
1773.0,3.0,0.0,Marco Werman
1776.0,3.0,0.0,Marco Werman
1779.0,3.0,0.0,Marco Werman
1782.0,3.0,0.04,Marco Werman
1785.0,3.0,0.05,Marco Werman
1788.0,3.0,0.0,Marco Werman
1791.0,3.0,0.0,Marco Werman
1794.0,3.0,0.0588235294118,Marco Werman
1797.0,3.0,0.0,Marco Werman
1800.0,3.0,0.0,Marco Werman
1803.0,3.0,0.04,Marco Werman
1806.0,3.0,0.0,Marco Werman
