0.0,3.0,0.0,Marco Werman
3.0,3.0,0.08,Marco Werman
6.0,3.0,0.0,Marco Werman
9.0,3.0,0.0666666666667,Marco Werman
12.0,3.0,0.0,Marco Werman
15.0,3.0,0.0,Marco Werman
18.0,3.0,0.0434782608696,Marco Werman
21.0,3.0,0.0,Marco Werman
24.0,3.0,0.0,Marco Werman
27.0,3.0,0.0,Marco Werman
30.0,3.0,0.0344827586207,Marco Werman
33.0,3.0,0.0,Marco Werman
36.0,3.0,0.0,Marco Werman
39.0,3.0,0.0,Marco Werman
42.0,3.0,0.0,Marco Werman
45.0,3.0,0.0,Marco Werman
48.0,3.0,0.0,Marco Werman
51.0,3.0,0.0,Marco Werman
54.0,3.0,0.0,Marco Werman
57.0,3.0,0.0454545454545,Marco Werman
60.0,3.0,0.0,Marco Werman
63.0,3.0,0.0,Marco Werman
66.0,3.0,0.0,Marco Werman
69.0,3.0,0.0,Marco Werman
72.0,3.0,0.0,Marco Werman
75.0,3.0,0.0,Marco Werman
78.0,3.0,0.0,Marco Werman
81.0,3.0,0.0,Marco Werman
84.0,3.0,0.0,Marco Werman
87.0,3.0,0.0,Marco Werman
90.0,3.0,0.0,Marco Werman
93.0,3.0,0.0,Marco Werman
96.0,3.0,0.0,Marco Werman
99.0,3.0,0.0,Marco Werman
102.0,3.0,0.047619047619,Marco Werman
105.0,3.0,0.0,Marco Werman
108.0,3.0,0.0,Marco Werman
111.0,3.0,0.0,Marco Werman
114.0,3.0,0.0,Marco Werman
117.0,3.0,0.0,Marco Werman
120.0,3.0,0.0,Marco Werman
123.0,3.0,0.0,Marco Werman
126.0,3.0,0.0,Marco Werman
129.0,3.0,0.0,Marco Werman
132.0,3.0,0.0,Marco Werman
135.0,3.0,0.0,Marco Werman
138.0,3.0,0.0,Marco Werman
141.0,3.0,0.0,Marco Werman
144.0,3.0,0.0,Marco Werman
147.0,3.0,0.0,Marco Werman
150.0,3.0,0.0,Marco Werman
153.0,3.0,0.0,Marco Werman
156.0,3.0,0.0,Marco Werman
159.0,3.0,0.0,Marco Werman
162.0,3.0,0.0434782608696,Marco Werman
165.0,3.0,0.0,Marco Werman
168.0,3.0,0.0,Marco Werman
171.0,3.0,0.0,Marco Werman
174.0,3.0,0.0,Marco Werman
177.0,3.0,0.0,Marco Werman
180.0,3.0,0.0,Marco Werman
183.0,3.0,0.0,Marco Werman
186.0,3.0,0.0,Marco Werman
189.0,3.0,0.0344827586207,Marco Werman
192.0,3.0,0.0,Marco Werman
195.0,3.0,0.0666666666667,Marco Werman
198.0,3.0,0.0,Marco Werman
201.0,3.0,0.0,Marco Werman
204.0,3.0,0.117647058824,Marco Werman
207.0,3.0,0.0,Marco Werman
210.0,3.0,0.0,Marco Werman
213.0,3.0,0.0,Marco Werman
216.0,3.0,0.0,Marco Werman
219.0,3.0,0.0434782608696,Marco Werman
222.0,3.0,0.0588235294118,Marco Werman
225.0,3.0,0.0,Marco Werman
228.0,3.0,0.0,Marco Werman
231.0,3.0,0.0588235294118,Marco Werman
234.0,3.0,0.0,Marco Werman
237.0,3.0,0.0,Marco Werman
240.0,3.0,0.0,Marco Werman
243.0,3.0,0.0,Marco Werman
246.0,3.0,0.0,Marco Werman
249.0,3.0,0.0,Marco Werman
252.0,3.0,0.0,Marco Werman
255.0,3.0,0.0,Marco Werman
258.0,3.0,0.047619047619,Marco Werman
261.0,3.0,0.0,Marco Werman
264.0,3.0,0.0,Marco Werman
267.0,3.0,0.0,Marco Werman
270.0,3.0,0.0,Marco Werman
273.0,3.0,0.0,Marco Werman
276.0,3.0,0.0,Marco Werman
279.0,3.0,0.0,Marco Werman
282.0,3.0,0.1,Marco Werman
285.0,3.0,0.0,Marco Werman
288.0,3.0,0.0,Marco Werman
291.0,3.0,0.0,Marco Werman
294.0,3.0,0.0,Marco Werman
297.0,3.0,0.0,Marco Werman
300.0,3.0,0.0,Marco Werman
303.0,3.0,0.0,Marco Werman
306.0,3.0,0.0,Marco Werman
309.0,3.0,0.125,Marco Werman
312.0,3.0,0.0,Marco Werman
315.0,3.0,0.0,Marco Werman
318.0,3.0,0.0,Marco Werman
321.0,3.0,0.0,Marco Werman
324.0,3.0,0.0,Marco Werman
327.0,3.0,0.0,Marco Werman
330.0,3.0,0.0,Marco Werman
333.0,3.0,0.0,Marco Werman
336.0,3.0,0.0,Marco Werman
339.0,3.0,0.0,Marco Werman
342.0,3.0,0.0,Marco Werman
345.0,3.0,0.0,Marco Werman
348.0,3.0,0.0,Marco Werman
351.0,3.0,0.0666666666667,Marco Werman
354.0,3.0,0.0,Marco Werman
357.0,3.0,0.0,Marco Werman
360.0,3.0,0.0,Marco Werman
363.0,3.0,0.0,Marco Werman
366.0,3.0,0.0,Marco Werman
369.0,3.0,0.037037037037,Marco Werman
372.0,3.0,0.0,Marco Werman
375.0,3.0,0.0,Marco Werman
378.0,3.0,0.0,Marco Werman
381.0,3.0,0.0,Marco Werman
384.0,3.0,0.0,Marco Werman
387.0,3.0,0.0,Marco Werman
390.0,3.0,0.0,Marco Werman
393.0,3.0,0.0,Marco Werman
396.0,3.0,0.0,Marco Werman
399.0,3.0,0.0,Marco Werman
402.0,3.0,0.0909090909091,Marco Werman
405.0,3.0,0.0,Marco Werman
408.0,3.0,0.0,Marco Werman
411.0,3.0,0.0,Marco Werman
414.0,3.0,0.0909090909091,Marco Werman
417.0,3.0,0.0526315789474,Marco Werman
420.0,3.0,0.0,Marco Werman
423.0,3.0,0.0,Marco Werman
426.0,3.0,0.0,Marco Werman
429.0,3.0,0.0,Marco Werman
432.0,3.0,0.0,Marco Werman
435.0,3.0,0.0,Marco Werman
438.0,3.0,0.0,Marco Werman
441.0,3.0,0.157894736842,Marco Werman
444.0,3.0,0.0,Marco Werman
447.0,3.0,0.0,Marco Werman
450.0,3.0,0.0,Marco Werman
453.0,3.0,0.0,Marco Werman
456.0,3.0,0.0,Marco Werman
459.0,3.0,0.0416666666667,Marco Werman
462.0,3.0,0.0,Marco Werman
465.0,3.0,0.0625,Marco Werman
468.0,3.0,0.0,Marco Werman
471.0,3.0,0.222222222222,Marco Werman
474.0,3.0,0.0,Marco Werman
477.0,3.0,0.0,Marco Werman
480.0,3.0,0.0,Marco Werman
483.0,3.0,0.0,Marco Werman
486.0,3.0,0.0,Marco Werman
489.0,3.0,0.0,Marco Werman
492.0,3.0,0.0,Marco Werman
495.0,3.0,0.0,Marco Werman
501.0,3.0,0.0,Marco Werman
507.0,3.0,0.0,Marco Werman
510.0,3.0,0.214285714286,Marco Werman
513.0,3.0,0.0,Marco Werman
519.0,3.0,0.0,Marco Werman
522.0,3.0,0.0,Marco Werman
528.0,3.0,0.0,Marco Werman
534.0,3.0,0.0,Marco Werman
537.0,3.0,0.0,Marco Werman
