0.0,3.0,0.0,Marco Werman
3.0,3.0,0.0,Marco Werman
6.0,3.0,0.0,Marco Werman
9.0,3.0,0.0,Marco Werman
12.0,3.0,0.0,Marco Werman
15.0,3.0,0.0,Marco Werman
18.0,3.0,0.0,Marco Werman
21.0,3.0,0.0,Marco Werman
24.0,3.0,0.0,Marco Werman
27.0,3.0,0.0,Marco Werman
30.0,3.0,0.0,Marco Werman
33.0,3.0,0.0,Marco Werman
36.0,3.0,0.0,Marco Werman
39.0,3.0,0.0,Marco Werman
42.0,3.0,0.0,Marco Werman
45.0,3.0,0.0,Marco Werman
48.0,3.0,0.0,Marco Werman
51.0,3.0,0.0,Marco Werman
54.0,3.0,0.0,Marco Werman
57.0,3.0,0.0588235294118,Marco Werman
60.0,3.0,0.04,Marco Werman
63.0,3.0,0.0,Marco Werman
66.0,3.0,0.0,Marco Werman
69.0,3.0,0.0,Marco Werman
72.0,3.0,0.0,Marco Werman
75.0,3.0,0.0,Marco Werman
78.0,3.0,0.0,Marco Werman
81.0,3.0,0.0357142857143,Marco Werman
84.0,3.0,0.0555555555556,Marco Werman
87.0,3.0,0.0833333333333,Marco Werman
90.0,3.0,0.0,Marco Werman
93.0,3.0,0.0,Marco Werman
96.0,3.0,0.0,Marco Werman
99.0,3.0,0.0,Marco Werman
102.0,3.0,0.0,Marco Werman
105.0,3.0,0.0,Marco Werman
108.0,3.0,0.0,Marco Werman
111.0,3.0,0.0,Marco Werman
114.0,3.0,0.0,Marco Werman
117.0,3.0,0.047619047619,Marco Werman
120.0,3.0,0.0,Marco Werman
123.0,3.0,0.0,Marco Werman
126.0,3.0,0.0,Marco Werman
129.0,3.0,0.0,Marco Werman
132.0,3.0,0.0,Marco Werman
135.0,3.0,0.0,Marco Werman
138.0,3.0,0.0,Marco Werman
141.0,3.0,0.0,Marco Werman
144.0,3.0,0.0,Marco Werman
147.0,3.0,0.0,Marco Werman
150.0,3.0,0.0,Marco Werman
153.0,3.0,0.0,Marco Werman
156.0,3.0,0.0,Marco Werman
159.0,3.0,0.0,Marco Werman
162.0,3.0,0.0,Marco Werman
165.0,3.0,0.0,Marco Werman
168.0,3.0,0.0,Marco Werman
171.0,3.0,0.0,Marco Werman
174.0,3.0,0.0666666666667,Marco Werman
177.0,3.0,0.0,Marco Werman
180.0,3.0,0.0,Marco Werman
183.0,3.0,0.0,Marco Werman
186.0,3.0,0.0,Marco Werman
189.0,3.0,0.0,Marco Werman
192.0,3.0,0.0,Marco Werman
195.0,3.0,0.0454545454545,Marco Werman
198.0,3.0,0.0,Marco Werman
201.0,3.0,0.0,Marco Werman
204.0,3.0,0.0,Marco Werman
207.0,3.0,0.0,Marco Werman
210.0,3.0,0.0,Marco Werman
213.0,3.0,0.0,Marco Werman
216.0,3.0,0.0,Marco Werman
219.0,3.0,0.111111111111,Marco Werman
222.0,3.0,0.0,Marco Werman
225.0,3.0,0.0,Marco Werman
228.0,3.0,0.0,Marco Werman
231.0,3.0,0.0,Marco Werman
234.0,3.0,0.0,Marco Werman
237.0,3.0,0.0,Marco Werman
240.0,3.0,0.0,Marco Werman
243.0,3.0,0.0,Marco Werman
246.0,3.0,0.0,Marco Werman
249.0,3.0,0.0,Marco Werman
252.0,3.0,0.0,Marco Werman
255.0,3.0,0.0,Marco Werman
258.0,3.0,0.0,Marco Werman
261.0,3.0,0.0555555555556,Marco Werman
264.0,3.0,0.0,Marco Werman
267.0,3.0,0.0,Marco Werman
270.0,3.0,0.0,Marco Werman
273.0,3.0,0.0434782608696,Marco Werman
276.0,3.0,0.05,Marco Werman
279.0,3.0,0.0,Marco Werman
282.0,3.0,0.0,Marco Werman
285.0,3.0,0.0,Marco Werman
288.0,3.0,0.0,Marco Werman
291.0,3.0,0.0,Marco Werman
294.0,3.0,0.0,Marco Werman
297.0,3.0,0.0384615384615,Marco Werman
300.0,3.0,0.0,Marco Werman
303.0,3.0,0.0,Marco Werman
306.0,3.0,0.05,Marco Werman
309.0,3.0,0.0,Marco Werman
312.0,3.0,0.0,Marco Werman
315.0,3.0,0.0,Marco Werman
318.0,3.0,0.0555555555556,Marco Werman
321.0,3.0,0.047619047619,Marco Werman
324.0,3.0,0.0,Marco Werman
327.0,3.0,0.0,Marco Werman
330.0,3.0,0.0,Marco Werman
333.0,3.0,0.0,Marco Werman
336.0,3.0,0.0,Marco Werman
339.0,3.0,0.0,Marco Werman
342.0,3.0,0.0,Marco Werman
345.0,3.0,0.0,Marco Werman
348.0,3.0,0.0,Marco Werman
351.0,3.0,0.0,Marco Werman
354.0,3.0,0.0,Marco Werman
357.0,3.0,0.0,Marco Werman
