0.0,3.0,0.37037037037,Marco Werman
3.0,3.0,0.285714285714,Marco Werman
6.0,3.0,0.0,Marco Werman
9.0,3.0,0.111111111111,Marco Werman
12.0,3.0,0.208333333333,Marco Werman
15.0,3.0,0.0869565217391,Marco Werman
18.0,3.0,0.08,Marco Werman
21.0,3.0,0.0,Marco Werman
24.0,3.0,0.0,Marco Werman
27.0,3.0,0.260869565217,Marco Werman
30.0,3.0,0.375,Marco Werman
33.0,3.0,0.290322580645,Marco Werman
36.0,3.0,0.0,Marco Werman
39.0,3.0,0.0,Marco Werman
42.0,3.0,0.0,Marco Werman
45.0,3.0,0.0,Marco Werman
48.0,3.0,0.0625,Marco Werman
51.0,3.0,0.0526315789474,Marco Werman
54.0,3.0,0.0,Marco Werman
57.0,3.0,0.0,Marco Werman
60.0,3.0,0.0,Marco Werman
63.0,3.0,0.0,Marco Werman
66.0,3.0,0.0,Marco Werman
69.0,3.0,0.0,Marco Werman
72.0,3.0,0.0416666666667,Marco Werman
75.0,3.0,0.0,Marco Werman
78.0,3.0,0.0,Marco Werman
81.0,3.0,0.0,Marco Werman
84.0,3.0,0.0,Marco Werman
87.0,3.0,0.0,Marco Werman
90.0,3.0,0.05,Marco Werman
93.0,3.0,0.0,Marco Werman
96.0,3.0,0.0,Marco Werman
99.0,3.0,0.0,Marco Werman
102.0,3.0,0.08,Marco Werman
105.0,3.0,0.0,Marco Werman
108.0,3.0,0.0454545454545,Marco Werman
111.0,3.0,0.0,Marco Werman
114.0,3.0,0.0,Marco Werman
117.0,3.0,0.0,Marco Werman
120.0,3.0,0.0,Marco Werman
123.0,3.0,0.0,Marco Werman
126.0,3.0,0.0,Marco Werman
129.0,3.0,0.0454545454545,Marco Werman
132.0,3.0,0.047619047619,Marco Werman
135.0,3.0,0.0,Marco Werman
138.0,3.0,0.05,Marco Werman
141.0,3.0,0.0,Marco Werman
144.0,3.0,0.0,Marco Werman
147.0,3.0,0.0,Marco Werman
150.0,3.0,0.0,Marco Werman
153.0,3.0,0.0,Marco Werman
156.0,3.0,0.0,Marco Werman
159.0,3.0,0.05,Marco Werman
162.0,3.0,0.0,Marco Werman
165.0,3.0,0.0,Marco Werman
168.0,3.0,0.0666666666667,Marco Werman
171.0,3.0,0.0,Marco Werman
174.0,3.0,0.0,Marco Werman
177.0,3.0,0.047619047619,Marco Werman
180.0,3.0,0.0,Marco Werman
183.0,3.0,0.047619047619,Marco Werman
186.0,3.0,0.0,Marco Werman
189.0,3.0,0.0,Marco Werman
192.0,3.0,0.0454545454545,Marco Werman
195.0,3.0,0.0,Marco Werman
198.0,3.0,0.0,Marco Werman
201.0,3.0,0.0,Marco Werman
204.0,3.0,0.0,Marco Werman
207.0,3.0,0.0454545454545,Marco Werman
210.0,3.0,0.0,Marco Werman
213.0,3.0,0.0,Marco Werman
216.0,3.0,0.0,Marco Werman
219.0,3.0,0.0,Marco Werman
222.0,3.0,0.0,Marco Werman
225.0,3.0,0.0,Marco Werman
228.0,3.0,0.0,Marco Werman
231.0,3.0,0.0,Marco Werman
234.0,3.0,0.0714285714286,Marco Werman
237.0,3.0,0.0,Marco Werman
240.0,3.0,0.0,Marco Werman
243.0,3.0,0.0,Marco Werman
246.0,3.0,0.0,Marco Werman
249.0,3.0,0.0,Marco Werman
252.0,3.0,0.0555555555556,Marco Werman
255.0,3.0,0.0,Marco Werman
258.0,3.0,0.0,Marco Werman
261.0,3.0,0.0,Marco Werman
264.0,3.0,0.0,Marco Werman
267.0,3.0,0.0,Marco Werman
270.0,3.0,0.0,Marco Werman
273.0,3.0,0.0,Marco Werman
276.0,3.0,0.0454545454545,Marco Werman
279.0,3.0,0.0,Marco Werman
282.0,3.0,0.0,Marco Werman
285.0,3.0,0.0,Marco Werman
288.0,3.0,0.0,Marco Werman
291.0,3.0,0.0,Marco Werman
294.0,3.0,0.0,Marco Werman
297.0,3.0,0.0,Marco Werman
300.0,3.0,0.0,Marco Werman
303.0,3.0,0.0,Marco Werman
306.0,3.0,0.0,Marco Werman
309.0,3.0,0.0,Marco Werman
312.0,3.0,0.0,Marco Werman
315.0,3.0,0.0,Marco Werman
318.0,3.0,0.0,Marco Werman
321.0,3.0,0.0,Marco Werman
324.0,3.0,0.0,Marco Werman
327.0,3.0,0.0,Marco Werman
330.0,3.0,0.0,Marco Werman
333.0,3.0,0.0,Marco Werman
336.0,3.0,0.0416666666667,Marco Werman
339.0,3.0,0.0,Marco Werman
342.0,3.0,0.0,Marco Werman
345.0,3.0,0.0357142857143,Marco Werman
348.0,3.0,0.0,Marco Werman
351.0,3.0,0.0,Marco Werman
354.0,3.0,0.0,Marco Werman
360.0,3.0,0.0,Marco Werman
363.0,3.0,0.0,Marco Werman
366.0,3.0,0.0,Marco Werman
369.0,3.0,0.047619047619,Marco Werman
372.0,3.0,0.0,Marco Werman
375.0,3.0,0.0,Marco Werman
378.0,3.0,0.0,Marco Werman
381.0,3.0,0.0,Marco Werman
384.0,3.0,0.0645161290323,Marco Werman
387.0,3.0,0.210526315789,Marco Werman
390.0,3.0,0.444444444444,Marco Werman
393.0,3.0,0.578947368421,Marco Werman
396.0,3.0,0.521739130435,Marco Werman
399.0,3.0,0.35,Marco Werman
402.0,3.0,0.391304347826,Marco Werman
405.0,3.0,0.227272727273,Marco Werman
408.0,3.0,0.0,Marco Werman
411.0,3.0,0.0,Marco Werman
414.0,3.0,0.269230769231,Marco Werman
417.0,3.0,0.307692307692,Marco Werman
420.0,3.0,0.318181818182,Marco Werman
423.0,3.0,0.363636363636,Marco Werman
426.0,3.0,0.409090909091,Marco Werman
429.0,3.0,0.47619047619,Marco Werman
432.0,3.0,0.55,Marco Werman
435.0,3.0,0.428571428571,Marco Werman
438.0,3.0,0.642857142857,Marco Werman
441.0,3.0,0.380952380952,Marco Werman
444.0,3.0,0.5,Marco Werman
447.0,3.0,0.333333333333,Marco Werman
450.0,3.0,0.0,Marco Werman
453.0,3.0,0.0,Marco Werman
456.0,3.0,0.0,Marco Werman
459.0,3.0,0.0,Marco Werman
462.0,3.0,0.0,Marco Werman
465.0,3.0,0.0,Marco Werman
468.0,3.0,0.0,Marco Werman
471.0,3.0,0.0,Marco Werman
474.0,3.0,0.0,Marco Werman
477.0,3.0,0.0,Marco Werman
480.0,3.0,0.206896551724,Marco Werman
483.0,3.0,0.52380952381,Marco Werman
486.0,3.0,0.333333333333,Marco Werman
489.0,3.0,0.304347826087,Marco Werman
492.0,3.0,0.0,Marco Werman
495.0,3.0,0.0,Marco Werman
498.0,3.0,0.0,Marco Werman
501.0,3.0,0.0,Marco Werman
504.0,3.0,0.0,Marco Werman
507.0,3.0,0.0,Marco Werman
510.0,3.0,0.0,Marco Werman
513.0,3.0,0.0,Marco Werman
516.0,3.0,0.0,Marco Werman
519.0,3.0,0.161290322581,Marco Werman
522.0,3.0,0.363636363636,Marco Werman
525.0,3.0,0.0454545454545,Marco Werman
528.0,3.0,0.0,Marco Werman
531.0,3.0,0.0454545454545,Marco Werman
534.0,3.0,0.05,Marco Werman
537.0,3.0,0.0,Marco Werman
540.0,3.0,0.0,Marco Werman
543.0,3.0,0.0,Marco Werman
546.0,3.0,0.0,Marco Werman
549.0,3.0,0.0,Marco Werman
552.0,3.0,0.0,Marco Werman
555.0,3.0,0.2,Marco Werman
558.0,3.0,0.384615384615,Marco Werman
561.0,3.0,0.269230769231,Marco Werman
564.0,3.0,0.304347826087,Marco Werman
567.0,3.0,0.0,Marco Werman
570.0,3.0,0.0,Marco Werman
573.0,3.0,0.037037037037,Marco Werman
576.0,3.0,0.0,Marco Werman
579.0,3.0,0.0,Marco Werman
582.0,3.0,0.0,Marco Werman
585.0,3.0,0.0,Marco Werman
588.0,3.0,0.0,Marco Werman
591.0,3.0,0.0,Marco Werman
594.0,3.0,0.0,Marco Werman
597.0,3.0,0.0666666666667,Marco Werman
600.0,3.0,0.48,Marco Werman
603.0,3.0,0.478260869565,Marco Werman
606.0,3.0,0.428571428571,Marco Werman
609.0,3.0,0.529411764706,Marco Werman
612.0,3.0,0.666666666667,Marco Werman
615.0,3.0,0.0,Marco Werman
618.0,3.0,0.0526315789474,Marco Werman
621.0,3.0,0.0,Marco Werman
624.0,3.0,0.0,Marco Werman
627.0,3.0,0.0,Marco Werman
630.0,3.0,0.0,Marco Werman
633.0,3.0,0.0,Marco Werman
636.0,3.0,0.0,Marco Werman
639.0,3.0,0.0,Marco Werman
642.0,3.0,0.0,Marco Werman
645.0,3.0,0.0,Marco Werman
648.0,3.0,0.0,Marco Werman
651.0,3.0,0.0,Marco Werman
654.0,3.0,0.0,Marco Werman
657.0,3.0,0.0625,Marco Werman
660.0,3.0,0.0,Marco Werman
663.0,3.0,0.0,Marco Werman
666.0,3.0,0.458333333333,Marco Werman
669.0,3.0,0.636363636364,Marco Werman
672.0,3.0,0.636363636364,Marco Werman
675.0,3.0,0.590909090909,Marco Werman
678.0,3.0,0.428571428571,Marco Werman
681.0,3.0,0.416666666667,Marco Werman
684.0,3.0,0.789473684211,Marco Werman
687.0,3.0,0.619047619048,Marco Werman
690.0,3.0,0.35,Marco Werman
693.0,3.0,0.444444444444,Marco Werman
696.0,3.0,0.555555555556,Marco Werman
699.0,3.0,0.47619047619,Marco Werman
702.0,3.0,0.421052631579,Marco Werman
705.0,3.0,0.5625,Marco Werman
708.0,3.0,0.363636363636,Marco Werman
711.0,3.0,0.333333333333,Marco Werman
714.0,3.0,0.461538461538,Marco Werman
717.0,3.0,0.647058823529,Marco Werman
720.0,3.0,0.142857142857,Marco Werman
723.0,3.0,0.0,Marco Werman
726.0,3.0,0.0357142857143,Marco Werman
729.0,3.0,0.0,Marco Werman
732.0,3.0,0.0,Marco Werman
735.0,3.0,0.0,Marco Werman
738.0,3.0,0.0,Marco Werman
741.0,3.0,0.0,Marco Werman
744.0,3.0,0.0,Marco Werman
747.0,3.0,0.0,Marco Werman
750.0,3.0,0.0,Marco Werman
753.0,3.0,0.0,Marco Werman
756.0,3.0,0.25,Marco Werman
759.0,3.0,0.5,Marco Werman
762.0,3.0,0.0434782608696,Marco Werman
765.0,3.0,0.0,Marco Werman
768.0,3.0,0.0,Marco Werman
771.0,3.0,0.0,Marco Werman
774.0,3.0,0.0,Marco Werman
777.0,3.0,0.321428571429,Marco Werman
780.0,3.0,0.652173913043,Marco Werman
783.0,3.0,0.571428571429,Marco Werman
786.0,3.0,0.608695652174,Marco Werman
789.0,3.0,0.0,Marco Werman
792.0,3.0,0.0,Marco Werman
795.0,3.0,0.0,Marco Werman
798.0,3.0,0.05,Marco Werman
801.0,3.0,0.037037037037,Marco Werman
804.0,3.0,0.0416666666667,Marco Werman
807.0,3.0,0.0,Marco Werman
810.0,3.0,0.0,Marco Werman
813.0,3.0,0.037037037037,Marco Werman
816.0,3.0,0.0,Marco Werman
819.0,3.0,0.0,Marco Werman
822.0,3.0,0.0,Marco Werman
825.0,3.0,0.5,Marco Werman
828.0,3.0,0.576923076923,Marco Werman
831.0,3.0,0.36,Marco Werman
834.0,3.0,0.409090909091,Marco Werman
837.0,3.0,0.692307692308,Marco Werman
840.0,3.0,0.65,Marco Werman
843.0,3.0,0.0,Marco Werman
846.0,3.0,0.0,Marco Werman
849.0,3.0,0.0384615384615,Marco Werman
852.0,3.0,0.047619047619,Marco Werman
855.0,3.0,0.0,Marco Werman
858.0,3.0,0.125,Marco Werman
861.0,3.0,0.0,Marco Werman
864.0,3.0,0.047619047619,Marco Werman
867.0,3.0,0.0,Marco Werman
870.0,3.0,0.037037037037,Marco Werman
873.0,3.0,0.266666666667,Marco Werman
876.0,3.0,0.407407407407,Marco Werman
879.0,3.0,0.0,Marco Werman
882.0,3.0,0.037037037037,Marco Werman
885.0,3.0,0.0322580645161,Marco Werman
888.0,3.0,0.0,Marco Werman
891.0,3.0,0.0,Marco Werman
894.0,3.0,0.0,Marco Werman
897.0,3.0,0.0,Marco Werman
900.0,3.0,0.0,Marco Werman
903.0,3.0,0.0,Marco Werman
906.0,3.0,0.0,Marco Werman
909.0,3.0,0.0416666666667,Marco Werman
912.0,3.0,0.157894736842,Marco Werman
915.0,3.0,0.285714285714,Marco Werman
918.0,3.0,0.565217391304,Marco Werman
921.0,3.0,0.416666666667,Marco Werman
924.0,3.0,0.315789473684,Marco Werman
927.0,3.0,0.55,Marco Werman
930.0,3.0,0.333333333333,Marco Werman
933.0,3.0,0.238095238095,Marco Werman
936.0,3.0,0.0,Marco Werman
939.0,3.0,0.0,Marco Werman
942.0,3.0,0.0,Marco Werman
945.0,3.0,0.0,Marco Werman
948.0,3.0,0.0,Marco Werman
951.0,3.0,0.0,Marco Werman
954.0,3.0,0.0,Marco Werman
957.0,3.0,0.0454545454545,Marco Werman
960.0,3.0,0.52,Marco Werman
963.0,3.0,0.6,Marco Werman
966.0,3.0,0.421052631579,Marco Werman
969.0,3.0,0.185185185185,Marco Werman
972.0,3.0,0.0,Marco Werman
975.0,3.0,0.0,Marco Werman
978.0,3.0,0.0,Marco Werman
981.0,3.0,0.0,Marco Werman
984.0,3.0,0.0,Marco Werman
987.0,3.0,0.0,Marco Werman
990.0,3.0,0.0,Marco Werman
993.0,3.0,0.0434782608696,Marco Werman
996.0,3.0,0.266666666667,Marco Werman
999.0,3.0,0.0,Marco Werman
1002.0,3.0,0.0,Marco Werman
1005.0,3.0,0.0,Marco Werman
1008.0,3.0,0.0,Marco Werman
1011.0,3.0,0.0,Marco Werman
1014.0,3.0,0.0,Marco Werman
1017.0,3.0,0.0,Marco Werman
1020.0,3.0,0.0,Marco Werman
1023.0,3.0,0.0,Marco Werman
1026.0,3.0,0.0,Marco Werman
1029.0,3.0,0.0,Marco Werman
1032.0,3.0,0.0,Marco Werman
1035.0,3.0,0.0,Marco Werman
1038.0,3.0,0.0,Marco Werman
1041.0,3.0,0.0,Marco Werman
1044.0,3.0,0.181818181818,Marco Werman
1047.0,3.0,0.5,Marco Werman
1050.0,3.0,0.481481481481,Marco Werman
1053.0,3.0,0.0,Marco Werman
1056.0,3.0,0.0,Marco Werman
1059.0,3.0,0.0,Marco Werman
1062.0,3.0,0.0,Marco Werman
1065.0,3.0,0.0,Marco Werman
1068.0,3.0,0.0,Marco Werman
1074.0,3.0,0.0,Marco Werman
1077.0,3.0,0.0,Marco Werman
1080.0,3.0,0.117647058824,Marco Werman
1083.0,3.0,0.518518518519,Marco Werman
1086.0,3.0,0.47619047619,Marco Werman
1089.0,3.0,0.565217391304,Marco Werman
1092.0,3.0,0.157894736842,Marco Werman
1095.0,3.0,0.0,Marco Werman
1098.0,3.0,0.0,Marco Werman
1101.0,3.0,0.0,Marco Werman
1107.0,3.0,0.0,Marco Werman
1110.0,3.0,0.0,Marco Werman
1113.0,3.0,0.0,Marco Werman
1116.0,3.0,0.0,Marco Werman
1119.0,3.0,0.0,Marco Werman
1122.0,3.0,0.0,Marco Werman
1125.0,3.0,0.0,Marco Werman
1128.0,3.0,0.0,Marco Werman
1131.0,3.0,0.318181818182,Marco Werman
1134.0,3.0,0.56,Marco Werman
1137.0,3.0,0.761904761905,Marco Werman
1140.0,3.0,0.0555555555556,Marco Werman
1143.0,3.0,0.592592592593,Marco Werman
1146.0,3.0,0.473684210526,Marco Werman
1149.0,3.0,0.4,Marco Werman
1152.0,3.0,0.4375,Marco Werman
1155.0,3.0,0.55,Marco Werman
1158.0,3.0,0.315789473684,Marco Werman
1161.0,3.0,0.0833333333333,Marco Werman
1164.0,3.0,0.0,Marco Werman
1167.0,3.0,0.0,Marco Werman
1170.0,3.0,0.0,Marco Werman
1173.0,3.0,0.0,Marco Werman
1176.0,3.0,0.16,Marco Werman
1179.0,3.0,0.233333333333,Marco Werman
1182.0,3.0,0.0,Marco Werman
1185.0,3.0,0.0,Marco Werman
1188.0,3.0,0.0,Marco Werman
1191.0,3.0,0.0,Marco Werman
1194.0,3.0,0.0,Marco Werman
1197.0,3.0,0.0,Marco Werman
1200.0,3.0,0.0,Marco Werman
1203.0,3.0,0.0,Marco Werman
1206.0,3.0,0.0,Marco Werman
1209.0,3.0,0.0,Marco Werman
1212.0,3.0,0.0,Marco Werman
1215.0,3.0,0.0384615384615,Marco Werman
1218.0,3.0,0.0,Marco Werman
1221.0,3.0,0.0,Marco Werman
1224.0,3.0,0.0,Marco Werman
1227.0,3.0,0.0,Marco Werman
1230.0,3.0,0.0,Marco Werman
1239.0,3.0,0.0357142857143,Marco Werman
1242.0,3.0,0.0,Marco Werman
1245.0,3.0,0.0,Marco Werman
1248.0,3.0,0.0,Marco Werman
1251.0,3.0,0.0,Marco Werman
1254.0,3.0,0.0,Marco Werman
1257.0,3.0,0.0,Marco Werman
1260.0,3.0,0.190476190476,Marco Werman
1263.0,3.0,0.307692307692,Marco Werman
1266.0,3.0,0.571428571429,Marco Werman
1269.0,3.0,0.333333333333,Marco Werman
1272.0,3.0,0.6,Marco Werman
1275.0,3.0,0.416666666667,Marco Werman
1278.0,3.0,0.578947368421,Marco Werman
1281.0,3.0,0.363636363636,Marco Werman
1284.0,3.0,0.526315789474,Marco Werman
1287.0,3.0,0.666666666667,Marco Werman
1290.0,3.0,0.625,Marco Werman
1293.0,3.0,0.266666666667,Marco Werman
1296.0,3.0,0.130434782609,Marco Werman
1299.0,3.0,0.05,Marco Werman
1302.0,3.0,0.25,Marco Werman
1305.0,3.0,0.0,Marco Werman
1308.0,3.0,0.285714285714,Marco Werman
1311.0,3.0,0.142857142857,Marco Werman
1314.0,3.0,0.0,Marco Werman
1317.0,3.0,0.0,Marco Werman
1320.0,3.0,0.263157894737,Marco Werman
1323.0,3.0,0.0,Marco Werman
1326.0,3.0,0.0,Marco Werman
1329.0,3.0,0.0,Marco Werman
1332.0,3.0,0.0555555555556,Marco Werman
1335.0,3.0,0.0555555555556,Marco Werman
1338.0,3.0,0.0,Marco Werman
1341.0,3.0,0.0952380952381,Marco Werman
1344.0,3.0,0.291666666667,Marco Werman
1347.0,3.0,0.0555555555556,Marco Werman
1350.0,3.0,0.15,Marco Werman
1353.0,3.0,0.0555555555556,Marco Werman
1356.0,3.0,0.0588235294118,Marco Werman
1359.0,3.0,0.047619047619,Marco Werman
1362.0,3.0,0.0625,Marco Werman
1365.0,3.0,0.0,Marco Werman
1368.0,3.0,0.0,Marco Werman
1371.0,3.0,0.0,Marco Werman
1374.0,3.0,0.0,Marco Werman
1377.0,3.0,0.0909090909091,Marco Werman
1380.0,3.0,0.0588235294118,Marco Werman
1383.0,3.0,0.166666666667,Marco Werman
1386.0,3.0,0.272727272727,Marco Werman
1389.0,3.0,0.259259259259,Marco Werman
1392.0,3.0,0.0,Marco Werman
1395.0,3.0,0.0,Marco Werman
1398.0,3.0,0.0,Marco Werman
1401.0,3.0,0.0,Marco Werman
1404.0,3.0,0.15,Marco Werman
1407.0,3.0,0.0,Marco Werman
1410.0,3.0,0.04,Marco Werman
1413.0,3.0,0.142857142857,Marco Werman
1416.0,3.0,0.0,Marco Werman
1419.0,3.0,0.15,Marco Werman
1422.0,3.0,0.0,Marco Werman
1425.0,3.0,0.5,Marco Werman
1428.0,3.0,0.0,Marco Werman
1431.0,3.0,0.0,Marco Werman
1434.0,3.0,0.1,Marco Werman
1437.0,3.0,0.0,Marco Werman
1440.0,3.0,0.136363636364,Marco Werman
1443.0,3.0,0.0,Marco Werman
1446.0,3.0,0.0,Marco Werman
1449.0,3.0,0.0625,Marco Werman
1452.0,3.0,0.136363636364,Marco Werman
1455.0,3.0,0.0,Marco Werman
1458.0,3.0,0.0,Marco Werman
1461.0,3.0,0.0,Marco Werman
1464.0,3.0,0.0,Marco Werman
1467.0,3.0,0.0,Marco Werman
1470.0,3.0,0.0,Marco Werman
1473.0,3.0,0.166666666667,Marco Werman
1476.0,3.0,0.0952380952381,Marco Werman
1479.0,3.0,0.2,Marco Werman
1482.0,3.0,0.0952380952381,Marco Werman
1485.0,3.0,0.111111111111,Marco Werman
1488.0,3.0,0.157894736842,Marco Werman
1491.0,3.0,0.0,Marco Werman
1494.0,3.0,0.0,Marco Werman
1497.0,3.0,0.0,Marco Werman
1500.0,3.0,0.0,Marco Werman
1503.0,3.0,0.05,Marco Werman
1506.0,3.0,0.0,Marco Werman
1509.0,3.0,0.0,Marco Werman
1512.0,3.0,0.181818181818,Marco Werman
1515.0,3.0,0.0,Marco Werman
1518.0,3.0,0.0666666666667,Marco Werman
1521.0,3.0,0.0454545454545,Marco Werman
1524.0,3.0,0.0833333333333,Marco Werman
1527.0,3.0,0.0555555555556,Marco Werman
1530.0,3.0,0.0,Marco Werman
1533.0,3.0,0.0,Marco Werman
1536.0,3.0,0.0,Marco Werman
1539.0,3.0,0.05,Marco Werman
1542.0,3.0,0.0,Marco Werman
1545.0,3.0,0.0769230769231,Marco Werman
1548.0,3.0,0.0526315789474,Marco Werman
1551.0,3.0,0.0869565217391,Marco Werman
1554.0,3.0,0.176470588235,Marco Werman
1557.0,3.0,0.05,Marco Werman
1560.0,3.0,0.0,Marco Werman
1563.0,3.0,0.0,Marco Werman
1566.0,3.0,0.454545454545,Marco Werman
1569.0,3.0,0.428571428571,Marco Werman
1572.0,3.0,0.333333333333,Marco Werman
1575.0,3.0,0.0,Marco Werman
1578.0,3.0,0.636363636364,Marco Werman
1581.0,3.0,0.705882352941,Marco Werman
1584.0,3.0,0.5,Marco Werman
1587.0,3.0,0.666666666667,Marco Werman
1590.0,3.0,0.5,Marco Werman
1593.0,3.0,0.5,Marco Werman
1596.0,3.0,0.222222222222,Marco Werman
1599.0,3.0,0.0,Marco Werman
1602.0,3.0,0.0555555555556,Marco Werman
1605.0,3.0,0.15,Marco Werman
1608.0,3.0,0.15,Marco Werman
1611.0,3.0,0.1875,Marco Werman
1614.0,3.0,0.0,Marco Werman
1617.0,3.0,0.0666666666667,Marco Werman
1620.0,3.0,0.0769230769231,Marco Werman
1623.0,3.0,0.0,Marco Werman
1626.0,3.0,0.0,Marco Werman
1629.0,3.0,0.0625,Marco Werman
1632.0,3.0,0.05,Marco Werman
1635.0,3.0,0.0666666666667,Marco Werman
1638.0,3.0,0.0,Marco Werman
1641.0,3.0,0.0,Marco Werman
1644.0,3.0,0.0,Marco Werman
1647.0,3.0,0.0526315789474,Marco Werman
1650.0,3.0,0.105263157895,Marco Werman
1653.0,3.0,0.0,Marco Werman
1656.0,3.0,0.0,Marco Werman
1659.0,3.0,0.047619047619,Marco Werman
1662.0,3.0,0.0625,Marco Werman
1665.0,3.0,0.0,Marco Werman
1668.0,3.0,0.0,Marco Werman
1671.0,3.0,0.08,Marco Werman
1674.0,3.0,0.0769230769231,Marco Werman
1677.0,3.0,0.0,Marco Werman
1680.0,3.0,0.0,Marco Werman
1683.0,3.0,0.0,Marco Werman
1686.0,3.0,0.0,Marco Werman
1689.0,3.0,0.0,Marco Werman
1692.0,3.0,0.133333333333,Marco Werman
1695.0,3.0,0.133333333333,Marco Werman
1698.0,3.0,0.0,Marco Werman
1701.0,3.0,0.0,Marco Werman
1704.0,3.0,0.0,Marco Werman
1707.0,3.0,0.0,Marco Werman
1710.0,3.0,0.125,Marco Werman
1713.0,3.0,0.133333333333,Marco Werman
1716.0,3.0,0.0,Marco Werman
1719.0,3.0,0.0,Marco Werman
1722.0,3.0,0.0,Marco Werman
1725.0,3.0,0.0,Marco Werman
1728.0,3.0,0.0,Marco Werman
1731.0,3.0,0.0,Marco Werman
1734.0,3.0,0.0,Marco Werman
1737.0,3.0,0.0,Marco Werman
1740.0,3.0,0.0,Marco Werman
1743.0,3.0,0.0666666666667,Marco Werman
1746.0,3.0,0.318181818182,Marco Werman
1749.0,3.0,0.142857142857,Marco Werman
1752.0,3.0,0.0,Marco Werman
1755.0,3.0,0.0416666666667,Marco Werman
1758.0,3.0,0.0,Marco Werman
1761.0,3.0,0.0,Marco Werman
1764.0,3.0,0.142857142857,Marco Werman
1767.0,3.0,0.0,Marco Werman
1770.0,3.0,0.0,Marco Werman
1773.0,3.0,0.0,Marco Werman
1776.0,3.0,0.0555555555556,Marco Werman
1779.0,3.0,0.0,Marco Werman
1782.0,3.0,0.0,Marco Werman
1785.0,3.0,0.0833333333333,Marco Werman
1788.0,3.0,0.0,Marco Werman
1791.0,3.0,0.0,Marco Werman
1794.0,3.0,0.047619047619,Marco Werman
1797.0,3.0,0.0,Marco Werman
1800.0,3.0,0.0,Marco Werman
1803.0,3.0,0.0333333333333,Marco Werman
1806.0,3.0,0.233333333333,Marco Werman
1809.0,3.0,0.0,Marco Werman
1812.0,3.0,0.0,Marco Werman
1815.0,3.0,0.285714285714,Marco Werman
1818.0,3.0,0.25,Marco Werman
1821.0,3.0,0.0,Marco Werman
1824.0,3.0,0.0,Marco Werman
1827.0,3.0,0.0,Marco Werman
1830.0,3.0,0.0,Marco Werman
1833.0,3.0,0.0,Marco Werman
1836.0,3.0,0.0,Marco Werman
1839.0,3.0,0.0,Marco Werman
1842.0,3.0,0.0,Marco Werman
1845.0,3.0,0.0,Marco Werman
1848.0,3.0,0.0,Marco Werman
1851.0,3.0,0.0,Marco Werman
1854.0,3.0,0.0,Marco Werman
1857.0,3.0,0.0,Marco Werman
1860.0,3.0,0.1875,Marco Werman
1863.0,3.0,0.0454545454545,Marco Werman
1866.0,3.0,0.0,Marco Werman
1869.0,3.0,0.0,Marco Werman
1872.0,3.0,0.0,Marco Werman
1875.0,3.0,0.0,Marco Werman
1878.0,3.0,0.0,Marco Werman
1881.0,3.0,0.0,Marco Werman
1884.0,3.0,0.037037037037,Marco Werman
1887.0,3.0,0.0,Marco Werman
1890.0,3.0,0.0,Marco Werman
1893.0,3.0,0.0,Marco Werman
1896.0,3.0,0.0,Marco Werman
1899.0,3.0,0.0,Marco Werman
1902.0,3.0,0.0,Marco Werman
1905.0,3.0,0.0,Marco Werman
1908.0,3.0,0.0,Marco Werman
1911.0,3.0,0.0434782608696,Marco Werman
1914.0,3.0,0.0,Marco Werman
1917.0,3.0,0.0,Marco Werman
1920.0,3.0,0.0,Marco Werman
1923.0,3.0,0.0,Marco Werman
1926.0,3.0,0.0,Marco Werman
1929.0,3.0,0.0454545454545,Marco Werman
1932.0,3.0,0.0434782608696,Marco Werman
1935.0,3.0,0.0833333333333,Marco Werman
1938.0,3.0,0.0,Marco Werman
1941.0,3.0,0.0,Marco Werman
1944.0,3.0,0.0,Marco Werman
1947.0,3.0,0.0,Marco Werman
1950.0,3.0,0.0,Marco Werman
1953.0,3.0,0.0,Marco Werman
1956.0,3.0,0.0,Marco Werman
1959.0,3.0,0.0,Marco Werman
1962.0,3.0,0.0,Marco Werman
1965.0,3.0,0.0,Marco Werman
1968.0,3.0,0.0909090909091,Marco Werman
1971.0,3.0,0.0,Marco Werman
1974.0,3.0,0.0384615384615,Marco Werman
1977.0,3.0,0.375,Marco Werman
1980.0,3.0,0.176470588235,Marco Werman
1983.0,3.0,0.4,Marco Werman
1986.0,3.0,0.263157894737,Marco Werman
1989.0,3.0,0.5,Marco Werman
1992.0,3.0,0.611111111111,Marco Werman
1995.0,3.0,0.304347826087,Marco Werman
1998.0,3.0,0.619047619048,Marco Werman
2001.0,3.0,0.363636363636,Marco Werman
2004.0,3.0,0.555555555556,Marco Werman
2007.0,3.0,0.5,Marco Werman
2010.0,3.0,0.56,Marco Werman
2013.0,3.0,0.357142857143,Marco Werman
2016.0,3.0,0.35,Marco Werman
2019.0,3.0,0.48,Marco Werman
2022.0,3.0,0.75,Marco Werman
2025.0,3.0,0.111111111111,Marco Werman
2028.0,3.0,0.0,Marco Werman
2031.0,3.0,0.0,Marco Werman
2034.0,3.0,0.0,Marco Werman
2037.0,3.0,0.0,Marco Werman
2040.0,3.0,0.0,Marco Werman
2043.0,3.0,0.0,Marco Werman
2046.0,3.0,0.0,Marco Werman
2049.0,3.0,0.0,Marco Werman
2052.0,3.0,0.0,Marco Werman
2055.0,3.0,0.0,Marco Werman
2058.0,3.0,0.0,Marco Werman
2061.0,3.0,0.0,Marco Werman
2064.0,3.0,0.0,Marco Werman
2067.0,3.0,0.0,Marco Werman
2070.0,3.0,0.0,Marco Werman
2073.0,3.0,0.0833333333333,Marco Werman
2076.0,3.0,0.0,Marco Werman
2079.0,3.0,0.0,Marco Werman
2082.0,3.0,0.576923076923,Marco Werman
2085.0,3.0,0.590909090909,Marco Werman
2088.0,3.0,0.428571428571,Marco Werman
2091.0,3.0,0.0,Marco Werman
2094.0,3.0,0.0,Marco Werman
2097.0,3.0,0.0,Marco Werman
2100.0,3.0,0.0,Marco Werman
2103.0,3.0,0.296296296296,Marco Werman
2106.0,3.0,0.590909090909,Marco Werman
2109.0,3.0,0.611111111111,Marco Werman
2112.0,3.0,0.47619047619,Marco Werman
2115.0,3.0,0.0,Marco Werman
2118.0,3.0,0.0,Marco Werman
2121.0,3.0,0.0,Marco Werman
2124.0,3.0,0.0,Marco Werman
2127.0,3.0,0.115384615385,Marco Werman
2130.0,3.0,0.375,Marco Werman
2133.0,3.0,0.375,Marco Werman
2136.0,3.0,0.0,Marco Werman
2139.0,3.0,0.0,Marco Werman
2142.0,3.0,0.037037037037,Marco Werman
2145.0,3.0,0.0,Marco Werman
2148.0,3.0,0.0,Marco Werman
2151.0,3.0,0.0,Marco Werman
2154.0,3.0,0.0,Marco Werman
2157.0,3.0,0.0,Marco Werman
2160.0,3.0,0.0,Marco Werman
2163.0,3.0,0.0,Marco Werman
2166.0,3.0,0.0,Marco Werman
2169.0,3.0,0.0,Marco Werman
2172.0,3.0,0.0,Marco Werman
2175.0,3.0,0.0,Marco Werman
2178.0,3.0,0.0,Marco Werman
2181.0,3.0,0.0,Marco Werman
2184.0,3.0,0.0,Marco Werman
2187.0,3.0,0.0,Marco Werman
2190.0,3.0,0.0,Marco Werman
2193.0,3.0,0.0,Marco Werman
2196.0,3.0,0.0,Marco Werman
2199.0,3.0,0.333333333333,Marco Werman
2202.0,3.0,0.222222222222,Marco Werman
2205.0,3.0,0.0,Marco Werman
2208.0,3.0,0.0,Marco Werman
2211.0,3.0,0.0526315789474,Marco Werman
2214.0,3.0,0.08,Marco Werman
2217.0,3.0,0.470588235294,Marco Werman
2220.0,3.0,0.0,Marco Werman
2223.0,3.0,0.0,Marco Werman
2226.0,3.0,0.0,Marco Werman
2229.0,3.0,0.0,Marco Werman
2232.0,3.0,0.4,Marco Werman
2235.0,3.0,0.5,Marco Werman
2238.0,3.0,0.214285714286,Marco Werman
2241.0,3.0,0.565217391304,Marco Werman
2244.0,3.0,0.653846153846,Marco Werman
2247.0,3.0,0.777777777778,Marco Werman
2250.0,3.0,0.421052631579,Marco Werman
2253.0,3.0,0.533333333333,Marco Werman
2256.0,3.0,0.565217391304,Marco Werman
2259.0,3.0,0.315789473684,Marco Werman
2262.0,3.0,0.0,Marco Werman
2265.0,3.0,0.0,Marco Werman
2268.0,3.0,0.0588235294118,Marco Werman
2271.0,3.0,0.0,Marco Werman
2274.0,3.0,0.0434782608696,Marco Werman
2277.0,3.0,0.0,Marco Werman
2280.0,3.0,0.0588235294118,Marco Werman
2283.0,3.0,0.0,Marco Werman
2286.0,3.0,0.0,Marco Werman
2289.0,3.0,0.0,Marco Werman
2292.0,3.0,0.0,Marco Werman
2295.0,3.0,0.0,Marco Werman
2298.0,3.0,0.0,Marco Werman
2301.0,3.0,0.0,Marco Werman
2304.0,3.0,0.0,Marco Werman
2307.0,3.0,0.0,Marco Werman
2310.0,3.0,0.0,Marco Werman
2313.0,3.0,0.0,Marco Werman
2316.0,3.0,0.0,Marco Werman
2319.0,3.0,0.0,Marco Werman
2322.0,3.0,0.0,Marco Werman
2325.0,3.0,0.0,Marco Werman
2328.0,3.0,0.047619047619,Marco Werman
2331.0,3.0,0.0,Marco Werman
2334.0,3.0,0.0,Marco Werman
2337.0,3.0,0.0,Marco Werman
2340.0,3.0,0.0,Marco Werman
2343.0,3.0,0.0,Marco Werman
2346.0,3.0,0.0,Marco Werman
2349.0,3.0,0.0,Marco Werman
2352.0,3.0,0.0666666666667,Marco Werman
2355.0,3.0,0.0,Marco Werman
2358.0,3.0,0.0526315789474,Marco Werman
2361.0,3.0,0.0,Marco Werman
2364.0,3.0,0.0,Marco Werman
2367.0,3.0,0.105263157895,Marco Werman
2370.0,3.0,0.0,Marco Werman
2373.0,3.0,0.0,Marco Werman
2376.0,3.0,0.0,Marco Werman
2379.0,3.0,0.0,Marco Werman
2382.0,3.0,0.0,Marco Werman
2385.0,3.0,0.0769230769231,Marco Werman
2388.0,3.0,0.0454545454545,Marco Werman
2391.0,3.0,0.0,Marco Werman
2394.0,3.0,0.0,Marco Werman
2397.0,3.0,0.0,Marco Werman
2400.0,3.0,0.0588235294118,Marco Werman
2403.0,3.0,0.0,Marco Werman
2406.0,3.0,0.0,Marco Werman
2409.0,3.0,0.0,Marco Werman
2412.0,3.0,0.0,Marco Werman
2415.0,3.0,0.0,Marco Werman
2418.0,3.0,0.0,Marco Werman
2421.0,3.0,0.0,Marco Werman
2424.0,3.0,0.0,Marco Werman
2427.0,3.0,0.0,Marco Werman
2430.0,3.0,0.0,Marco Werman
2433.0,3.0,0.0,Marco Werman
2436.0,3.0,0.0,Marco Werman
2439.0,3.0,0.0,Marco Werman
2442.0,3.0,0.0454545454545,Marco Werman
2445.0,3.0,0.0,Marco Werman
2448.0,3.0,0.0,Marco Werman
2451.0,3.0,0.0,Marco Werman
2454.0,3.0,0.0,Marco Werman
2457.0,3.0,0.0,Marco Werman
2460.0,3.0,0.0,Marco Werman
2463.0,3.0,0.0,Marco Werman
2466.0,3.0,0.0,Marco Werman
2469.0,3.0,0.0,Marco Werman
2472.0,3.0,0.05,Marco Werman
2475.0,3.0,0.0,Marco Werman
2478.0,3.0,0.0,Marco Werman
2481.0,3.0,0.0,Marco Werman
2484.0,3.0,0.0,Marco Werman
2487.0,3.0,0.0,Marco Werman
2490.0,3.0,0.0,Marco Werman
2493.0,3.0,0.0,Marco Werman
2496.0,3.0,0.0,Marco Werman
2499.0,3.0,0.0,Marco Werman
2502.0,3.0,0.0,Marco Werman
2505.0,3.0,0.0,Marco Werman
2508.0,3.0,0.0,Marco Werman
2511.0,3.0,0.0689655172414,Marco Werman
2514.0,3.0,0.1875,Marco Werman
2517.0,3.0,0.0,Marco Werman
2520.0,3.0,0.0,Marco Werman
2523.0,3.0,0.0333333333333,Marco Werman
2526.0,3.0,0.238095238095,Marco Werman
2529.0,3.0,0.0,Marco Werman
2532.0,3.0,0.181818181818,Marco Werman
2541.0,3.0,0.7,Marco Werman
2544.0,3.0,0.03125,Marco Werman
2550.0,3.0,0.310344827586,Marco Werman
2553.0,3.0,0.296296296296,Marco Werman
2556.0,3.0,0.153846153846,Marco Werman
2559.0,3.0,0.44,Marco Werman
2562.0,3.0,0.357142857143,Marco Werman
2565.0,3.0,0.214285714286,Marco Werman
2568.0,3.0,0.384615384615,Marco Werman
2571.0,3.0,0.227272727273,Marco Werman
2574.0,3.0,0.473684210526,Marco Werman
2577.0,3.0,0.421052631579,Marco Werman
2580.0,3.0,0.526315789474,Marco Werman
2583.0,3.0,0.529411764706,Marco Werman
2586.0,3.0,0.285714285714,Marco Werman
2589.0,3.0,0.173913043478,Marco Werman
2592.0,3.0,0.318181818182,Marco Werman
2595.0,3.0,0.5,Marco Werman
2598.0,3.0,0.318181818182,Marco Werman
2601.0,3.0,0.0454545454545,Marco Werman
2604.0,3.0,0.0434782608696,Marco Werman
2607.0,3.0,0.0769230769231,Marco Werman
2610.0,3.0,0.0666666666667,Marco Werman
2613.0,3.0,0.272727272727,Marco Werman
2616.0,3.0,0.230769230769,Marco Werman
2619.0,3.0,0.0588235294118,Marco Werman
2622.0,3.0,0.0625,Marco Werman
2625.0,3.0,0.235294117647,Marco Werman
2628.0,3.0,0.166666666667,Marco Werman
2631.0,3.0,0.0555555555556,Marco Werman
2634.0,3.0,0.16,Marco Werman
2637.0,3.0,0.294117647059,Marco Werman
2640.0,3.0,0.3125,Marco Werman
2643.0,3.0,0.0645161290323,Marco Werman
2646.0,3.0,0.0454545454545,Marco Werman
2649.0,3.0,0.0666666666667,Marco Werman
2652.0,3.0,0.0952380952381,Marco Werman
2655.0,3.0,0.047619047619,Marco Werman
2658.0,3.0,0.0869565217391,Marco Werman
2661.0,3.0,0.142857142857,Marco Werman
2664.0,3.0,0.0,Marco Werman
2667.0,3.0,0.0,Marco Werman
2670.0,3.0,0.0714285714286,Marco Werman
2673.0,3.0,0.117647058824,Marco Werman
2676.0,3.0,0.0666666666667,Marco Werman
2679.0,3.0,0.0526315789474,Marco Werman
2682.0,3.0,0.125,Marco Werman
2685.0,3.0,0.458333333333,Marco Werman
2688.0,3.0,0.714285714286,Marco Werman
2691.0,3.0,0.388888888889,Marco Werman
2694.0,3.0,0.5,Marco Werman
2697.0,3.0,0.0769230769231,Marco Werman
2700.0,3.0,0.157894736842,Marco Werman
2703.0,3.0,0.173913043478,Marco Werman
2706.0,3.0,0.166666666667,Marco Werman
2709.0,3.0,0.0384615384615,Marco Werman
2712.0,3.0,0.047619047619,Marco Werman
2715.0,3.0,0.235294117647,Marco Werman
2718.0,3.0,0.307692307692,Marco Werman
2721.0,3.0,0.277777777778,Marco Werman
2724.0,3.0,0.291666666667,Marco Werman
2727.0,3.0,0.16,Marco Werman
2730.0,3.0,0.0952380952381,Marco Werman
2733.0,3.0,0.3125,Marco Werman
2736.0,3.0,0.1,Marco Werman
2739.0,3.0,0.214285714286,Marco Werman
2742.0,3.0,0.214285714286,Marco Werman
2745.0,3.0,0.142857142857,Marco Werman
2748.0,3.0,0.2,Marco Werman
2751.0,3.0,0.1,Marco Werman
2754.0,3.0,0.130434782609,Marco Werman
2757.0,3.0,0.388888888889,Marco Werman
2760.0,3.0,0.8,Marco Werman
2763.0,3.0,0.904761904762,Marco Werman
2766.0,3.0,0.037037037037,Marco Werman
2769.0,3.0,0.166666666667,Marco Werman
2772.0,3.0,0.1,Marco Werman
2775.0,3.0,0.166666666667,Marco Werman
2778.0,3.0,0.260869565217,Marco Werman
2781.0,3.0,0.1,Marco Werman
2784.0,3.0,0.105263157895,Marco Werman
2787.0,3.0,0.0,Marco Werman
2790.0,3.0,0.176470588235,Marco Werman
2793.0,3.0,0.125,Marco Werman
2796.0,3.0,0.615384615385,Marco Werman
2799.0,3.0,0.521739130435,Marco Werman
2802.0,3.0,0.214285714286,Marco Werman
2805.0,3.0,0.235294117647,Marco Werman
2808.0,3.0,0.166666666667,Marco Werman
2811.0,3.0,0.142857142857,Marco Werman
2814.0,3.0,0.2,Marco Werman
2817.0,3.0,0.153846153846,Marco Werman
2820.0,3.0,0.222222222222,Marco Werman
2823.0,3.0,0.266666666667,Marco Werman
2826.0,3.0,0.333333333333,Marco Werman
2829.0,3.0,0.0588235294118,Marco Werman
2832.0,3.0,0.133333333333,Marco Werman
2835.0,3.0,0.0384615384615,Marco Werman
2838.0,3.0,0.1,Marco Werman
2841.0,3.0,0.2,Marco Werman
2844.0,3.0,0.210526315789,Marco Werman
2847.0,3.0,0.458333333333,Marco Werman
2850.0,3.0,0.0,Marco Werman
2853.0,3.0,0.2,Marco Werman
2856.0,3.0,0.04,Marco Werman
2859.0,3.0,0.111111111111,Marco Werman
2862.0,3.0,0.166666666667,Marco Werman
2865.0,3.0,0.1,Marco Werman
2868.0,3.0,0.217391304348,Marco Werman
2871.0,3.0,0.434782608696,Marco Werman
2874.0,3.0,0.578947368421,Marco Werman
2877.0,3.0,0.428571428571,Marco Werman
2880.0,3.0,0.25,Marco Werman
2883.0,3.0,0.538461538462,Marco Werman
2886.0,3.0,0.576923076923,Marco Werman
2889.0,3.0,0.481481481481,Marco Werman
2892.0,3.0,0.03125,Marco Werman
2898.0,3.0,0.0,Marco Werman
2901.0,3.0,0.0,Marco Werman
2904.0,3.0,0.03125,Marco Werman
2910.0,3.0,0.0,Marco Werman
2913.0,3.0,0.0,Marco Werman
2916.0,3.0,0.193548387097,Marco Werman
2919.0,3.0,0.12,Marco Werman
2922.0,3.0,0.0,Marco Werman
2925.0,3.0,0.0416666666667,Marco Werman
2928.0,3.0,0.0,Marco Werman
2931.0,3.0,0.0,Marco Werman
2934.0,3.0,0.0,Marco Werman
2937.0,3.0,0.0,Marco Werman
2940.0,3.0,0.0,Marco Werman
2943.0,3.0,0.0,Marco Werman
2949.0,3.0,0.0,Marco Werman
2952.0,3.0,0.0,Marco Werman
2955.0,3.0,0.0,Marco Werman
2958.0,3.0,0.0,Marco Werman
2961.0,3.0,0.0588235294118,Marco Werman
2964.0,3.0,0.0454545454545,Marco Werman
2967.0,3.0,0.0,Marco Werman
2970.0,3.0,0.117647058824,Marco Werman
2973.0,3.0,0.0,Marco Werman
2976.0,3.0,0.0,Marco Werman
2979.0,3.0,0.0,Marco Werman
2982.0,3.0,0.0555555555556,Marco Werman
2985.0,3.0,0.0,Marco Werman
2988.0,3.0,0.0869565217391,Marco Werman
2991.0,3.0,0.0,Marco Werman
2994.0,3.0,0.047619047619,Marco Werman
2997.0,3.0,0.0,Marco Werman
3000.0,3.0,0.434782608696,Marco Werman
3003.0,3.0,0.555555555556,Marco Werman
3006.0,3.0,0.636363636364,Marco Werman
3009.0,3.0,0.619047619048,Marco Werman
3012.0,3.0,0.619047619048,Marco Werman
3015.0,3.0,0.722222222222,Marco Werman
3018.0,3.0,0.375,Marco Werman
3021.0,3.0,0.0,Marco Werman
3024.0,3.0,0.0,Marco Werman
3027.0,3.0,0.0,Marco Werman
3030.0,3.0,0.0,Marco Werman
3033.0,3.0,0.0,Marco Werman
3036.0,3.0,0.0,Marco Werman
3039.0,3.0,0.0,Marco Werman
3042.0,3.0,0.0,Marco Werman
3045.0,3.0,0.0,Marco Werman
3048.0,3.0,0.0,Marco Werman
3051.0,3.0,0.0,Marco Werman
3054.0,3.0,0.0,Marco Werman
3057.0,3.0,0.0,Marco Werman
3060.0,3.0,0.0,Marco Werman
3063.0,3.0,0.0,Marco Werman
3066.0,3.0,0.0,Marco Werman
3069.0,3.0,0.0,Marco Werman
3072.0,3.0,0.0,Marco Werman
3075.0,3.0,0.0,Marco Werman
3078.0,3.0,0.0,Marco Werman
3081.0,3.0,0.0,Marco Werman
3084.0,3.0,0.0,Marco Werman
3087.0,3.0,0.0,Marco Werman
3090.0,3.0,0.0,Marco Werman
3093.0,3.0,0.0,Marco Werman
3096.0,3.0,0.0,Marco Werman
3099.0,3.0,0.0,Marco Werman
3102.0,3.0,0.0,Marco Werman
3105.0,3.0,0.0,Marco Werman
3108.0,3.0,0.0,Marco Werman
3111.0,3.0,0.0,Marco Werman
3114.0,3.0,0.0,Marco Werman
3117.0,3.0,0.0,Marco Werman
3120.0,3.0,0.0,Marco Werman
3123.0,3.0,0.181818181818,Marco Werman
3126.0,3.0,0.47619047619,Marco Werman
3129.0,3.0,0.538461538462,Marco Werman
3132.0,3.0,0.538461538462,Marco Werman
3135.0,3.0,0.6875,Marco Werman
3138.0,3.0,0.777777777778,Marco Werman
3141.0,3.0,0.545454545455,Marco Werman
3144.0,3.0,0.105263157895,Marco Werman
3147.0,3.0,0.047619047619,Marco Werman
3150.0,3.0,0.0434782608696,Marco Werman
3153.0,3.0,0.0,Marco Werman
3156.0,3.0,0.0952380952381,Marco Werman
3159.0,3.0,0.125,Marco Werman
3162.0,3.0,0.0,Marco Werman
3165.0,3.0,0.0,Marco Werman
3168.0,3.0,0.0,Marco Werman
3171.0,3.0,0.0,Marco Werman
3174.0,3.0,0.0,Marco Werman
3177.0,3.0,0.0,Marco Werman
3180.0,3.0,0.1,Marco Werman
3183.0,3.0,0.0,Marco Werman
3186.0,3.0,0.0,Marco Werman
3189.0,3.0,0.111111111111,Marco Werman
3192.0,3.0,0.0454545454545,Marco Werman
3195.0,3.0,0.0,Marco Werman
3198.0,3.0,0.0,Marco Werman
3201.0,3.0,0.0,Marco Werman
3204.0,3.0,0.0,Marco Werman
3210.0,3.0,0.037037037037,Marco Werman
3213.0,3.0,0.0,Marco Werman
3216.0,3.0,0.0,Marco Werman
3219.0,3.0,0.0869565217391,Marco Werman
3222.0,3.0,0.0322580645161,Marco Werman
3225.0,3.0,0.0,Marco Werman
3228.0,3.0,0.0,Marco Werman
3231.0,3.0,0.0,Marco Werman
3234.0,3.0,0.0,Marco Werman
3237.0,3.0,0.0,Marco Werman
3240.0,3.0,0.0,Marco Werman
3243.0,3.0,0.0,Marco Werman
3246.0,3.0,0.0,Marco Werman
3249.0,3.0,0.0,Marco Werman
3252.0,3.0,0.0,Marco Werman
3255.0,3.0,0.0,Marco Werman
3258.0,3.0,0.0454545454545,Marco Werman
3261.0,3.0,0.0,Marco Werman
3264.0,3.0,0.0,Marco Werman
3267.0,3.0,0.0689655172414,Marco Werman
3270.0,3.0,0.0,Marco Werman
3273.0,3.0,0.0,Marco Werman
3276.0,3.0,0.0,Marco Werman
3279.0,3.0,0.0,Marco Werman
3282.0,3.0,0.0,Marco Werman
3285.0,3.0,0.0322580645161,Marco Werman
3288.0,3.0,0.0588235294118,Marco Werman
3291.0,3.0,0.04,Marco Werman
3294.0,3.0,0.0434782608696,Marco Werman
3297.0,3.0,0.0454545454545,Marco Werman
3300.0,3.0,0.0,Marco Werman
3303.0,3.0,0.0,Marco Werman
3306.0,3.0,0.0357142857143,Marco Werman
3312.0,3.0,0.0869565217391,Marco Werman
3315.0,3.0,0.0714285714286,Marco Werman
3318.0,3.0,0.0526315789474,Marco Werman
3321.0,3.0,0.0,Marco Werman
3324.0,3.0,0.0,Marco Werman
3327.0,3.0,0.136363636364,Marco Werman
3330.0,3.0,0.0625,Marco Werman
3333.0,3.0,0.0,Marco Werman
3336.0,3.0,0.0,Marco Werman
3339.0,3.0,0.0416666666667,Marco Werman
3342.0,3.0,0.0,Marco Werman
3345.0,3.0,0.0555555555556,Marco Werman
3348.0,3.0,0.0588235294118,Marco Werman
3351.0,3.0,0.0434782608696,Marco Werman
3354.0,3.0,0.0,Marco Werman
3357.0,3.0,0.0416666666667,Marco Werman
3360.0,3.0,0.0,Marco Werman
3363.0,3.0,0.0666666666667,Marco Werman
3366.0,3.0,0.0,Marco Werman
3369.0,3.0,0.0,Marco Werman
3372.0,3.0,0.0,Marco Werman
3375.0,3.0,0.0,Marco Werman
3378.0,3.0,0.0357142857143,Marco Werman
3381.0,3.0,0.0,Marco Werman
3384.0,3.0,0.0344827586207,Marco Werman
3387.0,3.0,0.0588235294118,Marco Werman
3390.0,3.0,0.0,Marco Werman
3393.0,3.0,0.0952380952381,Marco Werman
3399.0,3.0,0.0,Marco Werman
3405.0,3.0,0.0,Marco Werman
3408.0,3.0,0.0,Marco Werman
3414.0,3.0,0.0,Marco Werman
3417.0,3.0,0.03125,Marco Werman
3420.0,3.0,0.0,Marco Werman
3423.0,3.0,0.0,Marco Werman
3426.0,3.0,0.0333333333333,Marco Werman
3432.0,3.0,0.142857142857,Marco Werman
3435.0,3.0,0.190476190476,Marco Werman
3438.0,3.0,0.230769230769,Marco Werman
3441.0,3.0,0.379310344828,Marco Werman
3444.0,3.0,0.35,Marco Werman
3447.0,3.0,0.354838709677,Marco Werman
3450.0,3.0,0.04,Marco Werman
3453.0,3.0,0.0,Marco Werman
3456.0,3.0,0.0,Marco Werman
3459.0,3.0,0.0,Marco Werman
3462.0,3.0,0.0,Marco Werman
3468.0,3.0,0.0,Marco Werman
3471.0,3.0,0.0,Marco Werman
3474.0,3.0,0.0,Marco Werman
3477.0,3.0,0.0,Marco Werman
3480.0,3.0,0.0,Marco Werman
3483.0,3.0,0.0,Marco Werman
3489.0,3.0,0.0,Marco Werman
3492.0,3.0,0.0,Marco Werman
3495.0,3.0,0.0,Marco Werman
3498.0,3.0,0.0,Marco Werman
3501.0,3.0,0.0,Marco Werman
3504.0,3.0,0.0,Marco Werman
3507.0,3.0,0.037037037037,Marco Werman
3510.0,3.0,0.0,Marco Werman
3513.0,3.0,0.166666666667,Marco Werman
3516.0,3.0,0.0,Marco Werman
3519.0,3.0,0.0,Marco Werman
3522.0,3.0,0.0,Marco Werman
3525.0,3.0,0.142857142857,Marco Werman
3528.0,3.0,0.0625,Marco Werman
3531.0,3.0,0.2,Marco Werman
3534.0,3.0,0.0322580645161,Marco Werman
3537.0,3.0,0.0769230769231,Marco Werman
3555.0,3.0,0.55,Marco Werman
3558.0,3.0,0.416666666667,Marco Werman
3561.0,3.0,0.363636363636,Marco Werman
3564.0,3.0,0.636363636364,Marco Werman
3567.0,3.0,0.0625,Marco Werman
3570.0,3.0,0.352941176471,Marco Werman
3573.0,3.0,0.36,Marco Werman
3576.0,3.0,0.166666666667,Marco Werman
3579.0,3.0,0.0,Marco Werman
