0.0,1.0,0.714285714286
1.0,1.0,0.111111111111
2.0,1.0,0.25
3.0,1.0,0.25
4.0,1.0,0.15
5.0,1.0,0.0
6.0,1.0,0.0
7.0,1.0,0.0
8.0,1.0,0.0
9.0,1.0,0.0
10.0,1.0,0.0
11.0,1.0,0.190476190476
12.0,1.0,0.125
13.0,1.0,0.0
14.0,1.0,0.0
15.0,1.0,0.0
16.0,1.0,0.0
17.0,1.0,0.2
18.0,1.0,0.25
19.0,1.0,0.0
20.0,1.0,0.2
21.0,1.0,0.0
22.0,1.0,0.0
23.0,1.0,0.0
24.0,1.0,0.0
25.0,1.0,0.0
26.0,1.0,0.0
27.0,1.0,0.0
28.0,1.0,0.0
29.0,1.0,0.0909090909091
30.0,1.0,0.1
31.0,1.0,0.0
32.0,1.0,0.0
33.0,1.0,0.0
34.0,1.0,0.0
35.0,1.0,nan
36.0,1.0,0.0
37.0,1.0,nan
38.0,1.0,0.0
39.0,1.0,0.0
40.0,1.0,0.0
41.0,1.0,0.0
42.0,1.0,0.2
43.0,1.0,0.0
44.0,1.0,0.0
45.0,1.0,0.0
46.0,1.0,0.0
47.0,1.0,0.0
48.0,1.0,0.0
49.0,1.0,0.1
50.0,1.0,0.25
51.0,1.0,0.0
52.0,1.0,0.0
53.0,1.0,0.0
54.0,1.0,0.0
55.0,1.0,0.0
56.0,1.0,nan
57.0,1.0,0.0
58.0,1.0,nan
59.0,1.0,nan
60.0,1.0,0.0
61.0,1.0,0.0
62.0,1.0,0.0
63.0,1.0,0.0
64.0,1.0,0.111111111111
65.0,1.0,0.125
66.0,1.0,0.166666666667
67.0,1.0,0.0
68.0,1.0,0.285714285714
69.0,1.0,0.0
70.0,1.0,0.0
71.0,1.0,0.4
72.0,1.0,0.0
73.0,1.0,0.0
74.0,1.0,0.0
75.0,1.0,0.166666666667
76.0,1.0,0.111111111111
77.0,1.0,0.166666666667
78.0,1.0,0.166666666667
79.0,1.0,0.0
80.0,1.0,0.1
81.0,1.0,0.5
82.0,1.0,0.0
83.0,1.0,0.0
84.0,1.0,0.0
85.0,1.0,0.0909090909091
86.0,1.0,0.0
87.0,1.0,0.0
88.0,1.0,0.0
89.0,1.0,0.0
90.0,1.0,0.0
91.0,1.0,0.0
92.0,1.0,0.0
93.0,1.0,0.0
94.0,1.0,0.0
95.0,1.0,0.0
96.0,1.0,0.0
97.0,1.0,0.0
98.0,1.0,0.0
99.0,1.0,0.0
100.0,1.0,0.0
101.0,1.0,0.0
102.0,1.0,0.0
103.0,1.0,0.0
104.0,1.0,0.0
105.0,1.0,0.0
106.0,1.0,0.0
107.0,1.0,0.0
108.0,1.0,0.0
109.0,1.0,0.0
110.0,1.0,0.0
111.0,1.0,0.0
112.0,1.0,0.0
113.0,1.0,0.0
114.0,1.0,0.0
115.0,1.0,0.0
116.0,1.0,0.0
117.0,1.0,0.0
118.0,1.0,0.0909090909091
119.0,1.0,0.0
120.0,1.0,0.0
121.0,1.0,0.105263157895
122.0,1.0,0.125
123.0,1.0,0.111111111111
124.0,1.0,0.0
125.0,1.0,0.0
126.0,1.0,0.2
127.0,1.0,0.285714285714
128.0,1.0,1.0
129.0,1.0,0.0
130.0,1.0,0.285714285714
131.0,1.0,0.0
132.0,1.0,0.0
133.0,1.0,0.111111111111
134.0,1.0,0.0909090909091
135.0,1.0,0.142857142857
136.0,1.0,0.0
137.0,1.0,0.0
138.0,1.0,0.0909090909091
139.0,1.0,0.0
140.0,1.0,0.0
141.0,1.0,0.0
142.0,1.0,0.0
143.0,1.0,0.0
144.0,1.0,0.0
145.0,1.0,0.0
146.0,1.0,0.0
147.0,1.0,0.0
148.0,1.0,0.0
149.0,1.0,0.0
150.0,1.0,0.0
151.0,1.0,0.0
152.0,1.0,0.0
153.0,1.0,0.0
154.0,1.0,0.0
155.0,1.0,0.0
156.0,1.0,0.25
157.0,1.0,0.0
158.0,1.0,0.0
159.0,1.0,0.0
160.0,1.0,0.0
161.0,1.0,0.166666666667
162.0,1.0,0.0
163.0,1.0,0.0
164.0,1.0,0.0
165.0,1.0,0.1
166.0,1.0,0.0
167.0,1.0,0.0909090909091
168.0,1.0,0.0
169.0,1.0,0.363636363636
170.0,1.0,0.0
171.0,1.0,0.0
172.0,1.0,0.25
173.0,1.0,0.428571428571
174.0,1.0,0.0
175.0,1.0,0.0
176.0,1.0,0.0
177.0,1.0,0.0
178.0,1.0,0.111111111111
179.0,1.0,0.333333333333
180.0,1.0,0.333333333333
181.0,1.0,0.0909090909091
182.0,1.0,0.2
183.0,1.0,0.142857142857
184.0,1.0,0.0
185.0,1.0,0.0
186.0,1.0,0.0
187.0,1.0,0.111111111111
188.0,1.0,0.0909090909091
189.0,1.0,0.111111111111
190.0,1.0,0.2
191.0,1.0,0.166666666667
192.0,1.0,0.0
193.0,1.0,0.25
194.0,1.0,nan
195.0,1.0,0.125
196.0,1.0,0.0
197.0,1.0,0.0
198.0,1.0,0.166666666667
199.0,1.0,nan
200.0,1.0,0.0
201.0,1.0,0.0
202.0,1.0,0.0
203.0,1.0,0.0
204.0,1.0,0.0
205.0,1.0,0.111111111111
206.0,1.0,0.0
207.0,1.0,0.0
208.0,1.0,0.428571428571
209.0,1.0,0.0
210.0,1.0,0.0
211.0,1.0,0.1
212.0,1.0,0.428571428571
213.0,1.0,0.0
214.0,1.0,0.2
215.0,1.0,0.142857142857
216.0,1.0,0.0
217.0,1.0,0.0
218.0,1.0,0.166666666667
219.0,1.0,0.0
220.0,1.0,0.222222222222
221.0,1.0,0.166666666667
222.0,1.0,0.2
223.0,1.0,0.333333333333
224.0,1.0,0.0
225.0,1.0,0.0909090909091
226.0,1.0,0.125
227.0,1.0,0.0
228.0,1.0,0.142857142857
229.0,1.0,0.142857142857
230.0,1.0,0.0
231.0,1.0,0.111111111111
232.0,1.0,0.125
233.0,1.0,0.0
234.0,1.0,0.363636363636
235.0,1.0,0.25
236.0,1.0,0.142857142857
237.0,1.0,0.0
238.0,1.0,0.2
239.0,1.0,0.125
240.0,1.0,0.0
241.0,1.0,0.0
242.0,1.0,0.0
243.0,1.0,0.0
244.0,1.0,0.25
245.0,1.0,0.333333333333
246.0,1.0,0.0
247.0,1.0,0.0
248.0,1.0,0.375
249.0,1.0,0.0
250.0,1.0,0.0
251.0,1.0,0.0
252.0,1.0,0.166666666667
253.0,1.0,0.0
254.0,1.0,0.0
255.0,1.0,0.0
256.0,1.0,0.142857142857
257.0,1.0,0.272727272727
258.0,1.0,0.0
259.0,1.0,0.0
260.0,1.0,0.0
261.0,1.0,0.0
262.0,1.0,0.0
263.0,1.0,0.0
264.0,1.0,0.0
265.0,1.0,0.0
266.0,1.0,0.0
267.0,1.0,0.0
268.0,1.0,0.0
269.0,1.0,0.0
270.0,1.0,0.0
271.0,1.0,0.0
272.0,1.0,0.0
273.0,1.0,0.0
274.0,1.0,0.0
275.0,1.0,0.0
276.0,1.0,0.0
277.0,1.0,0.0
278.0,1.0,0.0
279.0,1.0,0.0
280.0,1.0,0.0
281.0,1.0,0.0
282.0,1.0,0.0
283.0,1.0,0.0
284.0,1.0,0.0
285.0,1.0,0.222222222222
286.0,1.0,0.0
287.0,1.0,0.0909090909091
288.0,1.0,0.181818181818
289.0,1.0,0.333333333333
290.0,1.0,0.111111111111
291.0,1.0,0.0
292.0,1.0,0.25
293.0,1.0,0.0
294.0,1.0,0.125
295.0,1.0,0.25
296.0,1.0,0.0
297.0,1.0,0.0
298.0,1.0,0.0
299.0,1.0,0.0
300.0,1.0,0.0
301.0,1.0,0.125
302.0,1.0,0.0
303.0,1.0,0.0
304.0,1.0,0.0
305.0,1.0,0.111111111111
306.0,1.0,0.3
307.0,1.0,0.0
308.0,1.0,0.142857142857
309.0,1.0,0.0
310.0,1.0,0.0
311.0,1.0,0.0
312.0,1.0,0.5
313.0,1.0,0.0
314.0,1.0,0.0
315.0,1.0,1.0
316.0,1.0,0.375
317.0,1.0,0.0
318.0,1.0,0.166666666667
319.0,1.0,0.111111111111
320.0,1.0,0.0
321.0,1.0,0.111111111111
322.0,1.0,0.0
323.0,1.0,0.142857142857
324.0,1.0,0.0
325.0,1.0,0.0
326.0,1.0,0.142857142857
327.0,1.0,0.181818181818
328.0,1.0,0.1
329.0,1.0,0.111111111111
330.0,1.0,0.0
331.0,1.0,0.0
332.0,1.0,0.0
333.0,1.0,0.111111111111
334.0,1.0,0.0
335.0,1.0,0.0909090909091
336.0,1.0,0.0
337.0,1.0,0.1
338.0,1.0,0.0
339.0,1.0,0.111111111111
340.0,1.0,0.0
341.0,1.0,0.0
342.0,1.0,0.0
343.0,1.0,0.0
344.0,1.0,0.0
345.0,1.0,0.0
346.0,1.0,0.0
347.0,1.0,0.0
348.0,1.0,0.0
349.0,1.0,0.0
350.0,1.0,0.0
351.0,1.0,0.0
352.0,1.0,0.0
353.0,1.0,0.0
354.0,1.0,0.0
355.0,1.0,0.0
356.0,1.0,0.0
357.0,1.0,0.0
358.0,1.0,0.285714285714
359.0,1.0,0.1
360.0,1.0,0.0
361.0,1.0,0.0
362.0,1.0,0.0
363.0,1.0,0.0
364.0,1.0,0.0
365.0,1.0,0.125
366.0,1.0,0.0
367.0,1.0,0.0
368.0,1.0,0.0
369.0,1.0,0.0
370.0,1.0,0.0
371.0,1.0,0.0
372.0,1.0,0.0
373.0,1.0,0.0
374.0,1.0,0.0
375.0,1.0,0.0
376.0,1.0,0.0
377.0,1.0,0.0
378.0,1.0,0.0
379.0,1.0,0.0
380.0,1.0,nan
381.0,1.0,0.0
382.0,1.0,0.0
383.0,1.0,0.0
384.0,1.0,0.0
385.0,1.0,0.0
386.0,1.0,0.0
387.0,1.0,0.0
388.0,1.0,0.5
389.0,1.0,0.0
390.0,1.0,0.2
391.0,1.0,0.125
392.0,1.0,0.666666666667
393.0,1.0,0.125
394.0,1.0,1.0
395.0,1.0,0.5
396.0,1.0,0.142857142857
397.0,1.0,0.0
398.0,1.0,0.375
399.0,1.0,0.111111111111
400.0,1.0,0.333333333333
401.0,1.0,0.25
402.0,1.0,0.125
403.0,1.0,0.111111111111
404.0,1.0,0.3
405.0,1.0,0.0
406.0,1.0,0.0
407.0,1.0,0.25
408.0,1.0,1.0
409.0,1.0,0.125
410.0,1.0,0.0
411.0,1.0,0.333333333333
412.0,1.0,0.111111111111
413.0,1.0,0.428571428571
414.0,1.0,0.2
415.0,1.0,0.375
416.0,1.0,0.142857142857
417.0,1.0,1.0
418.0,1.0,0.0
419.0,1.0,0.428571428571
420.0,1.0,0.0
421.0,1.0,0.0
422.0,1.0,0.0
423.0,1.0,0.0
424.0,1.0,0.0
425.0,1.0,0.0
426.0,1.0,0.0
427.0,1.0,0.0
428.0,1.0,0.0
429.0,1.0,0.0
430.0,1.0,0.0
431.0,1.0,0.0
432.0,1.0,0.0
433.0,1.0,0.0
434.0,1.0,0.0
435.0,1.0,0.0
436.0,1.0,0.0
437.0,1.0,0.0
438.0,1.0,0.0
439.0,1.0,0.0
440.0,1.0,0.0
441.0,1.0,0.0
442.0,1.0,0.0
443.0,1.0,0.0
444.0,1.0,0.0
445.0,1.0,0.0
446.0,1.0,0.0
447.0,1.0,0.0
448.0,1.0,0.0
449.0,1.0,0.0
450.0,1.0,0.0
451.0,1.0,0.0
452.0,1.0,0.0
453.0,1.0,0.0
454.0,1.0,0.0
455.0,1.0,0.0
456.0,1.0,0.0
457.0,1.0,0.0
458.0,1.0,0.0
459.0,1.0,0.0
460.0,1.0,0.0
461.0,1.0,0.0
462.0,1.0,0.0
463.0,1.0,0.0
464.0,1.0,0.0
465.0,1.0,0.0
466.0,1.0,0.0
467.0,1.0,0.0
468.0,1.0,0.0
469.0,1.0,0.0
470.0,1.0,0.0
471.0,1.0,0.0
472.0,1.0,0.0
473.0,1.0,0.0
474.0,1.0,0.0
475.0,1.0,0.0
476.0,1.0,0.0
477.0,1.0,nan
478.0,1.0,0.0
479.0,1.0,0.0
480.0,1.0,0.0
481.0,1.0,0.0
482.0,1.0,0.0
483.0,1.0,0.0
484.0,1.0,0.0
485.0,1.0,0.0
486.0,1.0,0.0
487.0,1.0,0.0
488.0,1.0,0.0
489.0,1.0,0.0
490.0,1.0,0.0
491.0,1.0,0.0
492.0,1.0,0.0
493.0,1.0,0.0
494.0,1.0,0.0
495.0,1.0,0.0
496.0,1.0,0.0
497.0,1.0,0.0
498.0,1.0,0.0
499.0,1.0,0.0
500.0,1.0,0.0
501.0,1.0,0.0
502.0,1.0,0.0
503.0,1.0,0.0
504.0,1.0,0.0
505.0,1.0,0.0
506.0,1.0,0.0
507.0,1.0,0.0
508.0,1.0,0.0
509.0,1.0,0.2
510.0,1.0,0.0
511.0,1.0,0.0
512.0,1.0,0.0
513.0,1.0,0.0
514.0,1.0,0.0
515.0,1.0,0.25
516.0,1.0,0.0
517.0,1.0,0.0
518.0,1.0,0.125
519.0,1.0,0.545454545455
520.0,1.0,0.0
521.0,1.0,0.0
522.0,1.0,0.142857142857
523.0,1.0,0.0
524.0,1.0,0.0
525.0,1.0,0.0
526.0,1.0,0.285714285714
527.0,1.0,0.111111111111
528.0,1.0,0.125
529.0,1.0,0.666666666667
530.0,1.0,0.25
531.0,1.0,0.222222222222
532.0,1.0,0.0
533.0,1.0,0.0
534.0,1.0,0.0
535.0,1.0,0.0
536.0,1.0,0.166666666667
537.0,1.0,0.0
538.0,1.0,0.0
539.0,1.0,0.0
540.0,1.0,0.0
541.0,1.0,0.0
542.0,1.0,0.0
543.0,1.0,0.0
544.0,1.0,0.0
545.0,1.0,0.0
546.0,1.0,0.0
547.0,1.0,nan
548.0,1.0,0.0
549.0,1.0,0.0
550.0,1.0,0.0
551.0,1.0,0.0
552.0,1.0,0.0
553.0,1.0,0.0
554.0,1.0,0.0
555.0,1.0,0.0
556.0,1.0,0.0
557.0,1.0,0.0
558.0,1.0,0.125
559.0,1.0,0.0
560.0,1.0,0.0
561.0,1.0,0.0
562.0,1.0,0.0
563.0,1.0,0.0
564.0,1.0,0.0
565.0,1.0,0.0
566.0,1.0,0.0
567.0,1.0,nan
568.0,1.0,0.0
569.0,1.0,0.0909090909091
570.0,1.0,0.0
571.0,1.0,0.0
572.0,1.0,0.0
573.0,1.0,0.0
574.0,1.0,0.0
575.0,1.0,0.0
576.0,1.0,0.0
577.0,1.0,0.0
578.0,1.0,0.0
579.0,1.0,0.0
580.0,1.0,0.0
581.0,1.0,0.0
582.0,1.0,0.0
583.0,1.0,0.0
584.0,1.0,0.0
585.0,1.0,0.0
586.0,1.0,0.0
587.0,1.0,0.0
588.0,1.0,0.0
589.0,1.0,0.125
590.0,1.0,0.0
591.0,1.0,0.555555555556
592.0,1.0,0.0
593.0,1.0,0.0
594.0,1.0,0.0
595.0,1.0,0.0
596.0,1.0,0.0
597.0,1.0,0.0
598.0,1.0,0.0
599.0,1.0,0.0
600.0,1.0,0.0
601.0,1.0,0.0
602.0,1.0,0.0
603.0,1.0,0.0
604.0,1.0,0.0
605.0,1.0,0.0
606.0,1.0,0.0
607.0,1.0,0.0
608.0,1.0,0.0
609.0,1.0,0.0
610.0,1.0,0.0
611.0,1.0,0.0
612.0,1.0,0.0
613.0,1.0,0.0
614.0,1.0,0.0
615.0,1.0,0.0
616.0,1.0,0.0
617.0,1.0,0.0
618.0,1.0,0.0
619.0,1.0,0.0
620.0,1.0,0.0
621.0,1.0,0.333333333333
622.0,1.0,0.272727272727
623.0,1.0,0.285714285714
624.0,1.0,0.2
625.0,1.0,0.444444444444
626.0,1.0,0.25
627.0,1.0,0.6
628.0,1.0,0.2
629.0,1.0,0.25
630.0,1.0,0.428571428571
631.0,1.0,0.25
632.0,1.0,0.285714285714
633.0,1.0,0.666666666667
634.0,1.0,0.714285714286
635.0,1.0,0.0909090909091
636.0,1.0,0.0
637.0,1.0,0.0
638.0,1.0,0.166666666667
639.0,1.0,0.333333333333
640.0,1.0,0.142857142857
641.0,1.0,0.111111111111
642.0,1.0,0.666666666667
643.0,1.0,0.2
644.0,1.0,0.0769230769231
645.0,1.0,0.5
646.0,1.0,0.3
647.0,1.0,0.0
648.0,1.0,0.0
649.0,1.0,0.111111111111
650.0,1.0,0.555555555556
651.0,1.0,0.6
652.0,1.0,0.5
653.0,1.0,0.0
654.0,1.0,0.25
655.0,1.0,0.375
656.0,1.0,0.166666666667
657.0,1.0,0.454545454545
658.0,1.0,0.0
659.0,1.0,0.222222222222
660.0,1.0,0.375
661.0,1.0,0.0
662.0,1.0,0.0
663.0,1.0,0.0
664.0,1.0,0.0
665.0,1.0,nan
666.0,1.0,0.0
667.0,1.0,0.0
668.0,1.0,0.0
669.0,1.0,0.0
670.0,1.0,0.0
671.0,1.0,0.0
672.0,1.0,0.0
673.0,1.0,0.0
674.0,1.0,0.0
675.0,1.0,0.0
676.0,1.0,0.0
677.0,1.0,0.0
678.0,1.0,0.0
679.0,1.0,0.125
680.0,1.0,0.0
681.0,1.0,0.0
682.0,1.0,0.0
683.0,1.0,0.0
684.0,1.0,0.0
685.0,1.0,0.0
686.0,1.0,0.0
687.0,1.0,0.0
688.0,1.0,0.0
689.0,1.0,0.0909090909091
690.0,1.0,0.0
691.0,1.0,0.0
692.0,1.0,0.0
693.0,1.0,0.0
694.0,1.0,0.0
695.0,1.0,0.0
696.0,1.0,0.0
697.0,1.0,0.0
698.0,1.0,0.0
699.0,1.0,0.0
700.0,1.0,0.0
701.0,1.0,0.0
702.0,1.0,0.0
703.0,1.0,0.0
704.0,1.0,0.0
705.0,1.0,0.0
706.0,1.0,0.0
707.0,1.0,0.142857142857
708.0,1.0,0.142857142857
709.0,1.0,0.0
710.0,1.0,0.0
711.0,1.0,0.0
712.0,1.0,0.0
713.0,1.0,0.0
714.0,1.0,0.166666666667
715.0,1.0,0.0
716.0,1.0,0.125
717.0,1.0,0.0
718.0,1.0,0.0
719.0,1.0,0.3
720.0,1.0,0.181818181818
721.0,1.0,0.4
722.0,1.0,0.1
723.0,1.0,0.25
724.0,1.0,0.454545454545
725.0,1.0,0.0
726.0,1.0,0.0
727.0,1.0,0.0
728.0,1.0,0.0
729.0,1.0,0.0
730.0,1.0,0.0
731.0,1.0,0.0
732.0,1.0,0.0
733.0,1.0,0.0
734.0,1.0,0.0
735.0,1.0,0.0
736.0,1.0,0.0
737.0,1.0,0.0
738.0,1.0,0.0
739.0,1.0,0.0
740.0,1.0,0.0
741.0,1.0,0.0
742.0,1.0,0.0
743.0,1.0,0.0
744.0,1.0,0.0
745.0,1.0,0.0
746.0,1.0,0.0
747.0,1.0,0.0
748.0,1.0,0.0
749.0,1.0,0.0
750.0,1.0,0.0
751.0,1.0,0.0
752.0,1.0,0.0
753.0,1.0,0.0
754.0,1.0,0.0
755.0,1.0,0.0
756.0,1.0,0.0
757.0,1.0,0.0
758.0,1.0,0.0
759.0,1.0,0.0
760.0,1.0,0.0
761.0,1.0,0.0
762.0,1.0,0.0
763.0,1.0,0.0
764.0,1.0,0.125
765.0,1.0,0.0
766.0,1.0,0.0
767.0,1.0,0.444444444444
768.0,1.0,0.0
769.0,1.0,0.4
770.0,1.0,0.111111111111
771.0,1.0,0.333333333333
772.0,1.0,0.0909090909091
773.0,1.0,0.285714285714
774.0,1.0,0.0
775.0,1.0,0.0
776.0,1.0,0.0
777.0,1.0,0.0
778.0,1.0,0.0
779.0,1.0,0.0
780.0,1.0,0.0
781.0,1.0,0.0
782.0,1.0,0.0
783.0,1.0,0.0
784.0,1.0,0.0
785.0,1.0,0.0
786.0,1.0,0.0
787.0,1.0,0.0
788.0,1.0,0.0
789.0,1.0,0.0
790.0,1.0,0.0
791.0,1.0,0.0
792.0,1.0,0.0
793.0,1.0,0.0
794.0,1.0,0.0
795.0,1.0,0.0
796.0,1.0,0.0
797.0,1.0,0.0
798.0,1.0,0.0
799.0,1.0,0.0
800.0,1.0,0.0769230769231
801.0,1.0,0.0
802.0,1.0,0.0
803.0,1.0,0.0
804.0,1.0,0.0
805.0,1.0,0.0
806.0,1.0,0.0
807.0,1.0,0.0
808.0,1.0,0.0
809.0,1.0,0.0
810.0,1.0,0.0
811.0,1.0,0.0
812.0,1.0,0.0
813.0,1.0,0.125
814.0,1.0,0.0
815.0,1.0,0.0
816.0,1.0,0.0
817.0,1.0,0.111111111111
818.0,1.0,0.125
819.0,1.0,0.0
820.0,1.0,0.0
821.0,1.0,0.0
822.0,1.0,0.0
823.0,1.0,0.125
824.0,1.0,0.0
825.0,1.0,0.0
826.0,1.0,0.0
827.0,1.0,0.0
828.0,1.0,0.0
829.0,1.0,0.0
830.0,1.0,0.0
831.0,1.0,0.0
832.0,1.0,0.0
833.0,1.0,0.125
834.0,1.0,0.0
835.0,1.0,0.0
836.0,1.0,0.0
837.0,1.0,0.0
838.0,1.0,0.5
839.0,1.0,0.0
840.0,1.0,0.0
841.0,1.0,0.4
842.0,1.0,0.333333333333
843.0,1.0,0.0
844.0,1.0,0.0
845.0,1.0,0.0
846.0,1.0,0.166666666667
847.0,1.0,0.0
848.0,1.0,0.0
849.0,1.0,0.0
850.0,1.0,0.166666666667
851.0,1.0,0.5
852.0,1.0,0.0
853.0,1.0,0.142857142857
854.0,1.0,0.272727272727
855.0,1.0,0.2
856.0,1.0,0.4
857.0,1.0,0.363636363636
858.0,1.0,0.0
859.0,1.0,0.142857142857
860.0,1.0,0.0
861.0,1.0,0.0
862.0,1.0,0.571428571429
863.0,1.0,0.0
864.0,1.0,0.2
865.0,1.0,0.5
866.0,1.0,0.181818181818
867.0,1.0,0.0
868.0,1.0,0.0
869.0,1.0,0.0
870.0,1.0,0.222222222222
871.0,1.0,0.142857142857
872.0,1.0,0.25
873.0,1.0,0.0
874.0,1.0,0.0
875.0,1.0,0.0
876.0,1.0,0.0
877.0,1.0,0.0
878.0,1.0,0.0
879.0,1.0,0.0
880.0,1.0,0.0
881.0,1.0,0.0
882.0,1.0,0.0
883.0,1.0,0.0
884.0,1.0,0.0
885.0,1.0,0.0
886.0,1.0,0.0
887.0,1.0,0.0
888.0,1.0,0.0
889.0,1.0,0.0
890.0,1.0,0.0
891.0,1.0,0.0
892.0,1.0,0.0
893.0,1.0,nan
894.0,1.0,0.0
895.0,1.0,0.0
896.0,1.0,0.0
897.0,1.0,0.0
898.0,1.0,0.0
899.0,1.0,0.0
900.0,1.0,0.0
901.0,1.0,0.0
902.0,1.0,0.0
903.0,1.0,0.0
904.0,1.0,0.0
905.0,1.0,0.0
906.0,1.0,0.0
907.0,1.0,0.0
908.0,1.0,0.0
909.0,1.0,0.0
910.0,1.0,0.0
911.0,1.0,0.0
912.0,1.0,0.0
913.0,1.0,0.0
914.0,1.0,0.0
915.0,1.0,0.0
916.0,1.0,0.0
917.0,1.0,0.0
918.0,1.0,0.0
919.0,1.0,0.0
920.0,1.0,0.0
921.0,1.0,0.0
922.0,1.0,0.0
923.0,1.0,0.0
924.0,1.0,0.0
925.0,1.0,0.0
926.0,1.0,0.0
927.0,1.0,0.0
928.0,1.0,0.0
929.0,1.0,0.0
930.0,1.0,0.0
931.0,1.0,0.0
932.0,1.0,0.0
933.0,1.0,0.0
934.0,1.0,0.0
935.0,1.0,0.0
936.0,1.0,0.0
937.0,1.0,0.0
938.0,1.0,0.0
939.0,1.0,0.0
940.0,1.0,nan
941.0,1.0,0.0
942.0,1.0,0.0
943.0,1.0,0.0
944.0,1.0,0.0
945.0,1.0,0.0
946.0,1.0,0.0
947.0,1.0,0.0
948.0,1.0,0.0
949.0,1.0,0.0
950.0,1.0,0.0
951.0,1.0,0.0
952.0,1.0,0.0
953.0,1.0,0.0
954.0,1.0,0.0
955.0,1.0,0.0
956.0,1.0,0.0
957.0,1.0,0.0
958.0,1.0,0.0
959.0,1.0,0.0
960.0,1.0,0.0
961.0,1.0,0.0
962.0,1.0,0.0
963.0,1.0,0.0
964.0,1.0,0.0
965.0,1.0,0.0
966.0,1.0,0.0
967.0,1.0,0.0
968.0,1.0,0.0
969.0,1.0,0.0
970.0,1.0,0.0
971.0,1.0,0.0
972.0,1.0,0.0
973.0,1.0,0.0
974.0,1.0,0.0
975.0,1.0,0.0
976.0,1.0,0.0
977.0,1.0,0.0
978.0,1.0,0.0
979.0,1.0,0.0
980.0,1.0,0.0
981.0,1.0,0.0
982.0,1.0,0.0
983.0,1.0,0.0
984.0,1.0,0.0
985.0,1.0,0.0
986.0,1.0,0.0
987.0,1.0,0.0
988.0,1.0,0.0
989.0,1.0,0.0
990.0,1.0,0.0
991.0,1.0,0.0
992.0,1.0,0.0
993.0,1.0,0.0
994.0,1.0,0.0
995.0,1.0,0.0
996.0,1.0,0.0
997.0,1.0,0.0
998.0,1.0,0.0
999.0,1.0,0.0
1000.0,1.0,0.0
1001.0,1.0,0.0
1002.0,1.0,0.0
1003.0,1.0,0.0
1004.0,1.0,0.0
1005.0,1.0,0.0
1006.0,1.0,nan
1007.0,1.0,0.0
1008.0,1.0,0.0
1009.0,1.0,0.0
1010.0,1.0,0.111111111111
1011.0,1.0,0.0
1012.0,1.0,0.0
1013.0,1.0,0.0
1014.0,1.0,0.0
1015.0,1.0,0.0
1016.0,1.0,0.0
1017.0,1.0,0.0
1018.0,1.0,0.0
1019.0,1.0,0.0
1020.0,1.0,0.0
1021.0,1.0,0.0
1022.0,1.0,0.0
1023.0,1.0,0.0
1024.0,1.0,0.0
1025.0,1.0,0.0
1026.0,1.0,0.0
1027.0,1.0,0.0
1028.0,1.0,0.0
1029.0,1.0,0.0
1030.0,1.0,0.0
1031.0,1.0,0.0
1032.0,1.0,0.0
1033.0,1.0,0.0
1034.0,1.0,0.0
1035.0,1.0,0.0
1036.0,1.0,0.0
1037.0,1.0,0.0
1038.0,1.0,0.0
1039.0,1.0,0.0
1040.0,1.0,0.0
1041.0,1.0,0.0
1042.0,1.0,0.0
1043.0,1.0,0.0
1044.0,1.0,0.0
1045.0,1.0,0.0
1046.0,1.0,0.0
1047.0,1.0,0.0
1048.0,1.0,0.0
1049.0,1.0,0.0
1050.0,1.0,0.0
1051.0,1.0,0.0
1052.0,1.0,0.0
1053.0,1.0,0.0
1054.0,1.0,0.0
1055.0,1.0,0.0833333333333
1056.0,1.0,0.0
1057.0,1.0,0.0
1058.0,1.0,0.0
1059.0,1.0,0.0
1060.0,1.0,0.0
1061.0,1.0,0.0
1062.0,1.0,0.0
1063.0,1.0,0.0
1064.0,1.0,0.0
1065.0,1.0,0.0
1066.0,1.0,0.0
1067.0,1.0,0.0
1068.0,1.0,0.0
1069.0,1.0,0.0
1070.0,1.0,0.0
1071.0,1.0,0.0
1072.0,1.0,0.0
1073.0,1.0,0.0
1074.0,1.0,0.142857142857
1075.0,1.0,0.0
1076.0,1.0,0.0
1077.0,1.0,0.0
1078.0,1.0,0.0
1079.0,1.0,0.0
1080.0,1.0,0.0
1081.0,1.0,nan
1082.0,1.0,0.0
1083.0,1.0,0.0
1084.0,1.0,0.0
1085.0,1.0,0.0
1086.0,1.0,0.0
1087.0,1.0,0.0
1088.0,1.0,0.0
1089.0,1.0,0.0
1090.0,1.0,0.0
1091.0,1.0,0.0
1092.0,1.0,0.0
1093.0,1.0,0.0
1094.0,1.0,0.0
1095.0,1.0,0.0
1096.0,1.0,0.0
1097.0,1.0,0.0
1098.0,1.0,0.0
1099.0,1.0,0.0
1100.0,1.0,0.0
1101.0,1.0,0.0
1102.0,1.0,0.272727272727
1103.0,1.0,0.0
1104.0,1.0,0.0
1105.0,1.0,0.0
1106.0,1.0,0.0
1107.0,1.0,0.0
1108.0,1.0,0.0
1109.0,1.0,0.0
1110.0,1.0,0.0
1111.0,1.0,0.0
1112.0,1.0,0.0
1113.0,1.0,0.0
1114.0,1.0,0.0
1115.0,1.0,0.0
1116.0,1.0,0.0
1117.0,1.0,0.0
1118.0,1.0,0.0
1119.0,1.0,0.0
1120.0,1.0,0.0
1121.0,1.0,0.0
1122.0,1.0,0.125
1123.0,1.0,0.0
1124.0,1.0,0.272727272727
1125.0,1.0,0.0
1126.0,1.0,0.3
1127.0,1.0,0.0
1128.0,1.0,0.1
1129.0,1.0,0.545454545455
1130.0,1.0,0.6
1131.0,1.0,0.333333333333
1132.0,1.0,0.222222222222
1133.0,1.0,0.333333333333
1134.0,1.0,0.285714285714
1135.0,1.0,0.0
1136.0,1.0,0.1
1137.0,1.0,0.25
1138.0,1.0,0.0
1139.0,1.0,0.25
1140.0,1.0,0.0
1141.0,1.0,0.0
1142.0,1.0,0.0
1143.0,1.0,0.0
1144.0,1.0,0.0
1145.0,1.0,0.285714285714
1146.0,1.0,0.0
1147.0,1.0,0.0
1148.0,1.0,0.0
1149.0,1.0,0.0
1150.0,1.0,0.0
1151.0,1.0,0.0
1152.0,1.0,0.0
1153.0,1.0,0.0
1154.0,1.0,0.0
1155.0,1.0,0.0
1156.0,1.0,0.0
1157.0,1.0,0.0
1158.0,1.0,0.0
1159.0,1.0,0.0
1160.0,1.0,0.0
1161.0,1.0,0.0
1162.0,1.0,0.0
1163.0,1.0,0.0
1164.0,1.0,0.0
1165.0,1.0,0.0
1166.0,1.0,0.0
1167.0,1.0,0.0
1168.0,1.0,0.0
1169.0,1.0,0.0
1170.0,1.0,0.0
1171.0,1.0,0.0
1172.0,1.0,0.0
1173.0,1.0,0.0
1174.0,1.0,0.0
1175.0,1.0,0.0
1176.0,1.0,0.0
1177.0,1.0,0.111111111111
1178.0,1.0,0.0
1179.0,1.0,0.333333333333
1180.0,1.0,0.0
1181.0,1.0,0.0
1182.0,1.0,0.111111111111
1183.0,1.0,0.0
1184.0,1.0,0.0
1185.0,1.0,0.0
1186.0,1.0,0.0
1187.0,1.0,0.0
1188.0,1.0,0.0
1189.0,1.0,0.0
1190.0,1.0,0.0
1191.0,1.0,0.0
1192.0,1.0,0.0
1193.0,1.0,0.0
1194.0,1.0,0.0
1195.0,1.0,0.0
1196.0,1.0,0.0
1197.0,1.0,0.0
1198.0,1.0,1.0
1199.0,1.0,nan
1200.0,1.0,nan
1201.0,1.0,0.0
1202.0,1.0,0.0
1203.0,1.0,0.0
1204.0,1.0,0.0
1205.0,1.0,0.0
1206.0,1.0,0.0
1207.0,1.0,0.0
1208.0,1.0,0.0
1209.0,1.0,0.0
1210.0,1.0,0.0
1211.0,1.0,0.0
1212.0,1.0,0.0
1213.0,1.0,0.0
1214.0,1.0,0.0
1215.0,1.0,0.0
1216.0,1.0,0.0
1217.0,1.0,0.0
1218.0,1.0,0.0
1219.0,1.0,0.0
1220.0,1.0,0.0
1221.0,1.0,0.0
1222.0,1.0,0.0
1223.0,1.0,0.181818181818
1224.0,1.0,0.0
1225.0,1.0,0.0
1226.0,1.0,0.0
1227.0,1.0,0.0
1228.0,1.0,0.0
1229.0,1.0,0.0
1230.0,1.0,0.0
1231.0,1.0,0.0
1232.0,1.0,0.0
1233.0,1.0,0.0
1234.0,1.0,0.0
1235.0,1.0,0.0
1236.0,1.0,0.0
1237.0,1.0,0.0
1238.0,1.0,0.0
1239.0,1.0,0.0
1240.0,1.0,0.0
1241.0,1.0,0.0
1242.0,1.0,0.0
1243.0,1.0,0.0
1244.0,1.0,0.0
1245.0,1.0,0.0
1246.0,1.0,0.0
1247.0,1.0,0.0
1248.0,1.0,0.0
1249.0,1.0,0.0
1250.0,1.0,0.0
1251.0,1.0,0.0
1252.0,1.0,0.0
1253.0,1.0,0.0
1254.0,1.0,0.0
1255.0,1.0,0.0
1256.0,1.0,0.0
1257.0,1.0,0.0
1258.0,1.0,0.285714285714
1259.0,1.0,nan
1260.0,1.0,0.4
1261.0,1.0,0.375
1262.0,1.0,0.0
1263.0,1.0,0.0
1264.0,1.0,0.0
1265.0,1.0,0.0
1266.0,1.0,0.0
1267.0,1.0,0.0
1268.0,1.0,0.0
1269.0,1.0,0.0
1270.0,1.0,0.0
1271.0,1.0,0.0
1272.0,1.0,0.2
1273.0,1.0,1.0
1274.0,1.0,0.1
1275.0,1.0,0.25
1276.0,1.0,0.0
1277.0,1.0,0.8
1278.0,1.0,0.25
1279.0,1.0,0.8
1280.0,1.0,0.142857142857
1281.0,1.0,0.0
1282.0,1.0,0.142857142857
1283.0,1.0,0.571428571429
1284.0,1.0,0.0909090909091
1285.0,1.0,0.25
1286.0,1.0,0.2
1287.0,1.0,0.4
1288.0,1.0,0.363636363636
1289.0,1.0,0.25
1290.0,1.0,0.142857142857
1291.0,1.0,0.0
1292.0,1.0,0.0
1293.0,1.0,0.0
1294.0,1.0,0.25
1295.0,1.0,0.5
1296.0,1.0,0.25
1297.0,1.0,0.25
1298.0,1.0,0.0
1299.0,1.0,0.625
1300.0,1.0,0.125
1301.0,1.0,0.0
1302.0,1.0,0.25
1303.0,1.0,0.166666666667
1304.0,1.0,0.666666666667
1305.0,1.0,0.375
1306.0,1.0,0.3
1307.0,1.0,0.5
1308.0,1.0,0.0
1309.0,1.0,0.0
1310.0,1.0,0.25
1311.0,1.0,0.0
1312.0,1.0,0.0
1313.0,1.0,0.0
1314.0,1.0,0.3
1315.0,1.0,0.333333333333
1316.0,1.0,1.0
1317.0,1.0,0.555555555556
1318.0,1.0,0.625
1319.0,1.0,0.1
1320.0,1.0,0.0
1321.0,1.0,0.0
1322.0,1.0,0.0
1323.0,1.0,0.0
1324.0,1.0,0.0
1325.0,1.0,0.0
1326.0,1.0,0.0
1327.0,1.0,0.0
1328.0,1.0,0.0
1329.0,1.0,0.0
1330.0,1.0,0.142857142857
1331.0,1.0,0.2
1332.0,1.0,0.0
1333.0,1.0,0.0
1334.0,1.0,0.0
1335.0,1.0,0.4
1336.0,1.0,0.0
1337.0,1.0,0.0
1338.0,1.0,0.0
1339.0,1.0,0.0
1340.0,1.0,0.285714285714
1341.0,1.0,0.0
1342.0,1.0,0.0
1343.0,1.0,0.0
1344.0,1.0,0.142857142857
1345.0,1.0,0.111111111111
1346.0,1.0,0.2
1347.0,1.0,0.0
1348.0,1.0,0.0
1349.0,1.0,0.0
1350.0,1.0,0.0
1351.0,1.0,0.333333333333
1352.0,1.0,0.0
1353.0,1.0,0.111111111111
1354.0,1.0,0.0
1355.0,1.0,0.0
1356.0,1.0,0.0
1357.0,1.0,0.0
1358.0,1.0,0.0
1359.0,1.0,0.0
1360.0,1.0,0.0
1361.0,1.0,0.0
1362.0,1.0,0.0
1363.0,1.0,0.0
1364.0,1.0,0.0
1365.0,1.0,0.0
1366.0,1.0,0.0
1367.0,1.0,0.5
1368.0,1.0,0.0
1369.0,1.0,0.666666666667
1370.0,1.0,0.0
1371.0,1.0,0.222222222222
1372.0,1.0,0.6
1373.0,1.0,0.25
1374.0,1.0,0.125
1375.0,1.0,0.222222222222
1376.0,1.0,0.428571428571
1377.0,1.0,0.875
1378.0,1.0,0.363636363636
1379.0,1.0,0.125
1380.0,1.0,0.111111111111
1381.0,1.0,0.2
1382.0,1.0,0.181818181818
1383.0,1.0,0.333333333333
1384.0,1.0,0.0
1385.0,1.0,0.0
1386.0,1.0,0.0
1387.0,1.0,0.0
1388.0,1.0,0.0
1389.0,1.0,0.0
1390.0,1.0,0.0
1391.0,1.0,0.0
1392.0,1.0,0.0
1393.0,1.0,0.0
1394.0,1.0,0.0
1395.0,1.0,0.0
1396.0,1.0,0.0
1397.0,1.0,0.0
1398.0,1.0,0.0
1399.0,1.0,0.0
1400.0,1.0,0.0
1401.0,1.0,0.0
1402.0,1.0,0.333333333333
1403.0,1.0,0.0
1404.0,1.0,0.0
1405.0,1.0,0.0
1406.0,1.0,0.0
1407.0,1.0,0.0
1408.0,1.0,0.1
1409.0,1.0,0.0
1410.0,1.0,0.0
1411.0,1.0,0.2
1412.0,1.0,0.0
1413.0,1.0,0.0
1414.0,1.0,0.0
1415.0,1.0,0.0
1416.0,1.0,0.0
1417.0,1.0,0.25
1418.0,1.0,0.0
1419.0,1.0,0.0
1420.0,1.0,0.0
1421.0,1.0,0.0
1422.0,1.0,0.0
1423.0,1.0,0.0
1424.0,1.0,0.0
1425.0,1.0,0.0
1426.0,1.0,0.2
1427.0,1.0,0.111111111111
1428.0,1.0,0.0
1429.0,1.0,0.0
1430.0,1.0,0.125
1431.0,1.0,0.0
1432.0,1.0,0.0
1433.0,1.0,0.0
1434.0,1.0,0.0
1435.0,1.0,0.0
1436.0,1.0,0.0
1437.0,1.0,0.25
1438.0,1.0,0.142857142857
1439.0,1.0,0.111111111111
1440.0,1.0,0.0
1441.0,1.0,0.0
1442.0,1.0,0.0
1443.0,1.0,0.0
1444.0,1.0,0.0
1445.0,1.0,0.181818181818
1446.0,1.0,0.0
1447.0,1.0,0.0
1448.0,1.0,0.0
1449.0,1.0,0.5
1450.0,1.0,0.0
1451.0,1.0,0.1
1452.0,1.0,0.0
1453.0,1.0,0.0
1454.0,1.0,0.0
1455.0,1.0,0.142857142857
1456.0,1.0,0.142857142857
1457.0,1.0,0.363636363636
1458.0,1.0,0.181818181818
1459.0,1.0,0.0909090909091
1460.0,1.0,0.0
1461.0,1.0,0.142857142857
1462.0,1.0,0.166666666667
1463.0,1.0,0.222222222222
1464.0,1.0,0.0
1465.0,1.0,0.0
1466.0,1.0,0.0
1467.0,1.0,0.0
1468.0,1.0,0.0
1469.0,1.0,0.0
1470.0,1.0,0.142857142857
1471.0,1.0,0.0
1472.0,1.0,0.0
1473.0,1.0,0.0
1474.0,1.0,0.0
1475.0,1.0,0.0
1476.0,1.0,0.0
1477.0,1.0,0.0
1478.0,1.0,0.125
1479.0,1.0,0.0
1480.0,1.0,0.0
1481.0,1.0,0.0
1482.0,1.0,0.0
1483.0,1.0,0.0
1484.0,1.0,0.0
1485.0,1.0,0.0
1486.0,1.0,0.0
1487.0,1.0,0.142857142857
1488.0,1.0,0.3
1489.0,1.0,0.111111111111
1490.0,1.0,0.428571428571
1491.0,1.0,0.666666666667
1492.0,1.0,0.111111111111
1493.0,1.0,0.222222222222
1494.0,1.0,0.181818181818
1495.0,1.0,0.0
1496.0,1.0,0.111111111111
1497.0,1.0,0.111111111111
1498.0,1.0,0.0909090909091
1499.0,1.0,0.0
1500.0,1.0,0.111111111111
1501.0,1.0,0.0
1502.0,1.0,0.0
1503.0,1.0,0.0
1504.0,1.0,0.142857142857
1505.0,1.0,0.0
1506.0,1.0,0.0
1507.0,1.0,0.0
1508.0,1.0,0.333333333333
1509.0,1.0,0.0
1510.0,1.0,0.0
1511.0,1.0,0.0
1512.0,1.0,0.0
1513.0,1.0,0.0
1514.0,1.0,0.0
1515.0,1.0,0.0
1516.0,1.0,0.0
1517.0,1.0,0.0
1518.0,1.0,0.0
1519.0,1.0,0.111111111111
1520.0,1.0,0.0
1521.0,1.0,0.0
1522.0,1.0,0.0
1523.0,1.0,0.0
1524.0,1.0,0.0
1525.0,1.0,0.0
1526.0,1.0,0.0
1527.0,1.0,0.166666666667
1528.0,1.0,0.0
1529.0,1.0,0.0
1530.0,1.0,0.0
1531.0,1.0,0.0
1532.0,1.0,0.111111111111
1533.0,1.0,0.285714285714
1534.0,1.0,0.0
1535.0,1.0,0.0
1536.0,1.0,0.0
1537.0,1.0,0.222222222222
1538.0,1.0,0.0
1539.0,1.0,0.0
1540.0,1.0,0.0
1541.0,1.0,0.0
1542.0,1.0,0.0833333333333
1543.0,1.0,0.0
1544.0,1.0,0.0
1545.0,1.0,0.0
1546.0,1.0,0.0
1547.0,1.0,0.0
1548.0,1.0,0.181818181818
1549.0,1.0,0.0714285714286
1550.0,1.0,0.0
1551.0,1.0,0.0
1552.0,1.0,0.0
1553.0,1.0,0.0
1554.0,1.0,0.0
1555.0,1.0,0.0
1556.0,1.0,0.0
1557.0,1.0,0.0
1558.0,1.0,0.0
1559.0,1.0,0.0
1560.0,1.0,0.0
1561.0,1.0,0.0
1562.0,1.0,0.0
1563.0,1.0,0.0909090909091
1564.0,1.0,0.0
1565.0,1.0,0.0
1566.0,1.0,0.0
1567.0,1.0,0.0
1568.0,1.0,0.0
1569.0,1.0,0.2
1570.0,1.0,0.0
1571.0,1.0,0.0
1572.0,1.0,0.125
1573.0,1.0,0.0
1574.0,1.0,0.0
1575.0,1.0,0.0
1576.0,1.0,0.0
1577.0,1.0,0.0
1578.0,1.0,0.0
1579.0,1.0,0.0
1580.0,1.0,0.0
1581.0,1.0,0.0
1582.0,1.0,0.0
1583.0,1.0,0.0
1584.0,1.0,0.125
1585.0,1.0,0.0
1586.0,1.0,0.0
1587.0,1.0,0.375
1588.0,1.0,0.0
1589.0,1.0,0.0
1590.0,1.0,0.0
1591.0,1.0,0.0
1592.0,1.0,0.0
1593.0,1.0,nan
1594.0,1.0,0.0
1595.0,1.0,0.0
1596.0,1.0,0.333333333333
1597.0,1.0,0.0
1598.0,1.0,0.0
1599.0,1.0,0.0
1600.0,1.0,0.0
1601.0,1.0,0.0
1602.0,1.0,0.0
1603.0,1.0,0.0909090909091
1604.0,1.0,0.0
1605.0,1.0,0.0
1606.0,1.0,0.0
1607.0,1.0,0.0
1608.0,1.0,0.0
1609.0,1.0,0.0
1610.0,1.0,0.0
1611.0,1.0,0.0
1612.0,1.0,0.0
1613.0,1.0,0.0
1614.0,1.0,0.0
1615.0,1.0,0.0
1616.0,1.0,0.0
1617.0,1.0,0.0
1618.0,1.0,0.6
1619.0,1.0,0.0
1620.0,1.0,0.0
1621.0,1.0,0.0
1622.0,1.0,0.0
1623.0,1.0,0.0
1624.0,1.0,0.0
1625.0,1.0,0.0
1626.0,1.0,0.0
1627.0,1.0,0.0
1628.0,1.0,0.0
1629.0,1.0,0.0
1630.0,1.0,0.0
1631.0,1.0,0.2
1632.0,1.0,0.0
1633.0,1.0,0.0
1634.0,1.0,0.0
1635.0,1.0,0.0
1636.0,1.0,0.0
1637.0,1.0,0.125
1638.0,1.0,0.6
1639.0,1.0,0.222222222222
1640.0,1.0,0.333333333333
1641.0,1.0,0.0
1642.0,1.0,0.0
1643.0,1.0,0.0909090909091
1644.0,1.0,0.0
1645.0,1.0,0.0
1646.0,1.0,0.25
1647.0,1.0,0.0
1648.0,1.0,0.142857142857
1649.0,1.0,0.25
1650.0,1.0,0.111111111111
1651.0,1.0,0.0
1652.0,1.0,0.0
1653.0,1.0,0.0
1654.0,1.0,0.142857142857
1655.0,1.0,0.0
1656.0,1.0,0.0
1657.0,1.0,0.0
1658.0,1.0,0.0
1659.0,1.0,0.0909090909091
1660.0,1.0,0.333333333333
1661.0,1.0,0.0
1662.0,1.0,0.0
1663.0,1.0,0.0
1664.0,1.0,0.0
1665.0,1.0,0.0
1666.0,1.0,0.222222222222
1667.0,1.0,0.142857142857
1668.0,1.0,0.333333333333
1669.0,1.0,0.0
1670.0,1.0,0.0
1671.0,1.0,0.0
1672.0,1.0,0.0
1673.0,1.0,0.333333333333
1674.0,1.0,0.3
1675.0,1.0,0.25
1676.0,1.0,0.0
1677.0,1.0,0.0
1678.0,1.0,0.285714285714
1679.0,1.0,0.222222222222
1680.0,1.0,0.142857142857
1681.0,1.0,0.125
1682.0,1.0,0.0
1683.0,1.0,0.307692307692
1684.0,1.0,0.2
1685.0,1.0,0.0
1686.0,1.0,0.0
1687.0,1.0,0.0
1688.0,1.0,0.0
1689.0,1.0,0.0
1690.0,1.0,0.166666666667
1691.0,1.0,0.0
1692.0,1.0,0.0
1693.0,1.0,0.0
1694.0,1.0,0.0
1695.0,1.0,0.0
1696.0,1.0,0.0
1697.0,1.0,0.0
1698.0,1.0,0.0
1699.0,1.0,0.0
1700.0,1.0,0.166666666667
1701.0,1.0,0.0
1702.0,1.0,0.0
1703.0,1.0,0.125
1704.0,1.0,0.0
1705.0,1.0,0.142857142857
1706.0,1.0,0.25
1707.0,1.0,0.0
1708.0,1.0,0.0
1709.0,1.0,0.0
1710.0,1.0,0.0
1711.0,1.0,0.0
1712.0,1.0,0.0
1713.0,1.0,0.0
1714.0,1.0,0.0
1715.0,1.0,0.0
1716.0,1.0,0.111111111111
1717.0,1.0,0.0
1718.0,1.0,0.3
1719.0,1.0,0.1
1720.0,1.0,0.142857142857
1721.0,1.0,0.166666666667
1722.0,1.0,0.0
1723.0,1.0,0.0
1724.0,1.0,0.125
1725.0,1.0,0.25
1726.0,1.0,0.25
1727.0,1.0,0.555555555556
1728.0,1.0,0.3
1729.0,1.0,0.2
1730.0,1.0,0.0
1731.0,1.0,0.0
1732.0,1.0,0.0
1733.0,1.0,0.3
1734.0,1.0,0.0
1735.0,1.0,0.0
1736.0,1.0,0.0
1737.0,1.0,0.0
1738.0,1.0,0.0
1739.0,1.0,0.0
1740.0,1.0,0.0
1741.0,1.0,0.0
1742.0,1.0,0.0
1743.0,1.0,0.0
1744.0,1.0,0.0
1745.0,1.0,0.0
1746.0,1.0,0.0
1747.0,1.0,0.0
1748.0,1.0,0.0
1749.0,1.0,0.0
1750.0,1.0,0.0
1751.0,1.0,0.0
1752.0,1.0,0.0
1753.0,1.0,0.0
1754.0,1.0,0.0
1755.0,1.0,0.0666666666667
1756.0,1.0,0.0
1757.0,1.0,0.0
1758.0,1.0,0.0
1759.0,1.0,0.0
1760.0,1.0,0.0
1761.0,1.0,0.0
1762.0,1.0,0.0
1763.0,1.0,0.0
1764.0,1.0,0.0
1765.0,1.0,0.454545454545
1766.0,1.0,0.571428571429
1767.0,1.0,0.25
1768.0,1.0,0.0
1769.0,1.0,nan
1770.0,1.0,0.111111111111
1771.0,1.0,0.0
1772.0,1.0,0.0
1773.0,1.0,0.0
1774.0,1.0,0.0
1775.0,1.0,0.0
1776.0,1.0,0.0
1777.0,1.0,0.0
1778.0,1.0,0.0
1779.0,1.0,0.0
1780.0,1.0,0.0
1781.0,1.0,0.0
1782.0,1.0,0.0
1783.0,1.0,0.0
1784.0,1.0,0.0
1785.0,1.0,0.0
1786.0,1.0,0.0
1787.0,1.0,0.0
1788.0,1.0,0.0
1789.0,1.0,0.0
1790.0,1.0,0.0
1791.0,1.0,0.0
1792.0,1.0,0.0
1793.0,1.0,0.0
1794.0,1.0,0.0
1795.0,1.0,0.0
1796.0,1.0,0.0
1797.0,1.0,0.0
1798.0,1.0,0.0
1799.0,1.0,0.0
1800.0,1.0,0.0
1801.0,1.0,0.0
1802.0,1.0,0.0
1803.0,1.0,0.0
1804.0,1.0,0.0
1805.0,1.0,0.0
1806.0,1.0,0.0
1807.0,1.0,0.0
1808.0,1.0,0.0
1809.0,1.0,0.0
1810.0,1.0,0.0
1811.0,1.0,0.0
1812.0,1.0,0.0
1813.0,1.0,0.0
1814.0,1.0,0.0
1815.0,1.0,0.0
1816.0,1.0,0.0
1817.0,1.0,0.0
1818.0,1.0,0.0
1819.0,1.0,0.0
1820.0,1.0,0.0
1821.0,1.0,0.125
1822.0,1.0,0.0
1823.0,1.0,0.0
1824.0,1.0,0.166666666667
1825.0,1.0,0.0
1826.0,1.0,0.0
1827.0,1.0,0.0
1828.0,1.0,0.181818181818
1829.0,1.0,nan
1830.0,1.0,0.0
1831.0,1.0,0.666666666667
1832.0,1.0,0.0
1833.0,1.0,0.0
1834.0,1.0,0.1
1835.0,1.0,0.5
1836.0,1.0,0.0
1837.0,1.0,0.0
1838.0,1.0,0.0
1839.0,1.0,0.0
1840.0,1.0,0.0
1841.0,1.0,0.125
1842.0,1.0,0.0
1843.0,1.0,0.0
1844.0,1.0,0.5
1845.0,1.0,0.142857142857
1846.0,1.0,0.0
1847.0,1.0,0.0
1848.0,1.0,0.0
1849.0,1.0,0.111111111111
1850.0,1.0,0.0
1851.0,1.0,0.0
1852.0,1.0,0.0
1853.0,1.0,0.0
1854.0,1.0,0.0
1855.0,1.0,0.0
1856.0,1.0,0.0
1857.0,1.0,0.25
1858.0,1.0,0.222222222222
1859.0,1.0,0.0
1860.0,1.0,0.0
1861.0,1.0,0.181818181818
1862.0,1.0,0.0
1863.0,1.0,0.0
1864.0,1.0,0.0
1865.0,1.0,0.111111111111
1866.0,1.0,0.0
1867.0,1.0,0.0
1868.0,1.0,0.1
1869.0,1.0,0.0
1870.0,1.0,0.125
1871.0,1.0,0.0
1872.0,1.0,0.25
1873.0,1.0,0.285714285714
1874.0,1.0,0.0
1875.0,1.0,0.5
1876.0,1.0,0.166666666667
1877.0,1.0,0.0
1878.0,1.0,0.2
1879.0,1.0,nan
1880.0,1.0,0.125
1881.0,1.0,0.0
1882.0,1.0,0.0
1883.0,1.0,0.125
1884.0,1.0,0.0909090909091
1885.0,1.0,0.0
1886.0,1.0,0.0
1887.0,1.0,0.2
1888.0,1.0,0.0
1889.0,1.0,0.0
1890.0,1.0,0.375
1891.0,1.0,0.0
1892.0,1.0,0.166666666667
1893.0,1.0,0.0
1894.0,1.0,0.0
1895.0,1.0,0.0
1896.0,1.0,0.0
1897.0,1.0,0.142857142857
1898.0,1.0,0.0
1899.0,1.0,0.142857142857
1900.0,1.0,0.2
1901.0,1.0,0.0
1902.0,1.0,0.333333333333
1903.0,1.0,0.0
1904.0,1.0,0.5
1905.0,1.0,0.142857142857
1906.0,1.0,0.0
1907.0,1.0,0.0
1908.0,1.0,0.0
1909.0,1.0,0.666666666667
1910.0,1.0,0.0
1911.0,1.0,0.5
1912.0,1.0,0.5
1913.0,1.0,0.0
1914.0,1.0,0.0
1915.0,1.0,0.0
1916.0,1.0,0.0
1917.0,1.0,0.2
1918.0,1.0,0.0
1919.0,1.0,0.1
1920.0,1.0,0.0
1921.0,1.0,0.0
1922.0,1.0,0.0
1923.0,1.0,0.0
1924.0,1.0,0.166666666667
1925.0,1.0,0.1
1926.0,1.0,0.0
1927.0,1.0,0.0
1928.0,1.0,0.0909090909091
1929.0,1.0,0.0
1930.0,1.0,0.0
1931.0,1.0,0.0
1932.0,1.0,0.0
1933.0,1.0,0.125
1934.0,1.0,nan
1935.0,1.0,0.0
1936.0,1.0,0.181818181818
1937.0,1.0,nan
1938.0,1.0,0.142857142857
1939.0,1.0,0.222222222222
1940.0,1.0,0.0
1941.0,1.0,0.0
1942.0,1.0,0.0909090909091
1943.0,1.0,0.0
1944.0,1.0,0.0
1945.0,1.0,0.0
1946.0,1.0,0.0
1947.0,1.0,0.142857142857
1948.0,1.0,0.0
1949.0,1.0,0.125
1950.0,1.0,0.0
1951.0,1.0,0.0
1952.0,1.0,0.111111111111
1953.0,1.0,0.0
1954.0,1.0,0.0
1955.0,1.0,0.0
1956.0,1.0,0.0
1957.0,1.0,0.0
1958.0,1.0,0.0
1959.0,1.0,0.0
1960.0,1.0,0.0
1961.0,1.0,0.0
1962.0,1.0,0.0
1963.0,1.0,0.0
1964.0,1.0,0.0
1965.0,1.0,0.0
1966.0,1.0,0.0
1967.0,1.0,0.0
1968.0,1.0,0.0
1969.0,1.0,0.0
1970.0,1.0,0.0
1971.0,1.0,0.0
1972.0,1.0,0.0
1973.0,1.0,0.0
1974.0,1.0,0.0
1975.0,1.0,0.0
1976.0,1.0,0.0
1977.0,1.0,0.5
1978.0,1.0,0.0
1979.0,1.0,0.1
1980.0,1.0,0.0
1981.0,1.0,0.636363636364
1982.0,1.0,0.2
1983.0,1.0,0.125
1984.0,1.0,0.0
1985.0,1.0,0.0909090909091
1986.0,1.0,0.25
1987.0,1.0,0.0
1988.0,1.0,0.333333333333
1989.0,1.0,0.0
1990.0,1.0,0.571428571429
1991.0,1.0,0.222222222222
1992.0,1.0,0.125
1993.0,1.0,0.666666666667
1994.0,1.0,0.0
1995.0,1.0,0.0909090909091
1996.0,1.0,0.2
1997.0,1.0,0.333333333333
1998.0,1.0,0.6
1999.0,1.0,0.0909090909091
2000.0,1.0,0.0
2001.0,1.0,0.25
2002.0,1.0,0.0
2003.0,1.0,0.0
2004.0,1.0,0.25
2005.0,1.0,0.444444444444
2006.0,1.0,0.0
2007.0,1.0,0.5
2008.0,1.0,0.0
2009.0,1.0,0.0
2010.0,1.0,0.25
2011.0,1.0,0.428571428571
2012.0,1.0,0.0
2013.0,1.0,0.0
2014.0,1.0,0.0
2015.0,1.0,0.0
2016.0,1.0,0.0
2017.0,1.0,0.0
2018.0,1.0,0.0
2019.0,1.0,0.0
2020.0,1.0,0.125
2021.0,1.0,0.166666666667
2022.0,1.0,0.0
2023.0,1.0,0.0
2024.0,1.0,0.0
2025.0,1.0,0.0
2026.0,1.0,0.0
2027.0,1.0,0.0
2028.0,1.0,0.0
2029.0,1.0,0.0
2030.0,1.0,0.0
2031.0,1.0,0.0
2032.0,1.0,0.0
2033.0,1.0,0.0
2034.0,1.0,0.0
2035.0,1.0,0.0
2036.0,1.0,0.125
2037.0,1.0,0.0
2038.0,1.0,0.0
2039.0,1.0,0.0
2040.0,1.0,0.0
2041.0,1.0,0.0
2042.0,1.0,0.0
2043.0,1.0,0.0
2044.0,1.0,0.111111111111
2045.0,1.0,0.0
2046.0,1.0,0.0
2047.0,1.0,0.0
2048.0,1.0,nan
2049.0,1.0,0.0
2050.0,1.0,0.0
2051.0,1.0,0.0
2052.0,1.0,0.0
2053.0,1.0,0.0
2054.0,1.0,0.0
2055.0,1.0,0.0
2056.0,1.0,0.0
2057.0,1.0,0.0
2058.0,1.0,0.142857142857
2059.0,1.0,0.25
2060.0,1.0,nan
2061.0,1.0,0.0
2062.0,1.0,0.0
2063.0,1.0,0.0
2064.0,1.0,0.0
2065.0,1.0,0.0
2066.0,1.0,0.0
2067.0,1.0,0.0
2068.0,1.0,0.0
2069.0,1.0,0.0
2070.0,1.0,0.0
2071.0,1.0,0.0
2072.0,1.0,0.0
2073.0,1.0,0.0
2074.0,1.0,0.0
2075.0,1.0,0.0
2076.0,1.0,0.0
2077.0,1.0,0.0
2078.0,1.0,0.0
2079.0,1.0,0.0
2080.0,1.0,0.0
2081.0,1.0,0.0
2082.0,1.0,0.0
2083.0,1.0,0.0
2084.0,1.0,0.0
2085.0,1.0,0.0
2086.0,1.0,0.0
2087.0,1.0,0.0
2088.0,1.0,0.0
2089.0,1.0,0.0
2090.0,1.0,0.0
2091.0,1.0,0.0
2092.0,1.0,0.0
2093.0,1.0,0.0
2094.0,1.0,0.0
2095.0,1.0,0.0
2096.0,1.0,0.0
2097.0,1.0,0.0
2098.0,1.0,0.0
2099.0,1.0,0.0
2100.0,1.0,0.0
2101.0,1.0,0.166666666667
2102.0,1.0,0.0
2103.0,1.0,0.0
2104.0,1.0,0.0
2105.0,1.0,0.0
2106.0,1.0,0.0
2107.0,1.0,0.0
2108.0,1.0,0.0
2109.0,1.0,0.0
2110.0,1.0,0.0
2111.0,1.0,0.0909090909091
2112.0,1.0,0.0
2113.0,1.0,0.0
2114.0,1.0,0.0
2115.0,1.0,0.111111111111
2116.0,1.0,0.0
2117.0,1.0,0.0
2118.0,1.0,nan
2119.0,1.0,0.0
2120.0,1.0,0.0
2121.0,1.0,0.0
2122.0,1.0,0.0
2123.0,1.0,0.0
2124.0,1.0,0.0
2125.0,1.0,0.0
2126.0,1.0,0.0
2127.0,1.0,0.0
2128.0,1.0,0.0
2129.0,1.0,0.0
2130.0,1.0,0.0
2131.0,1.0,0.0
2132.0,1.0,0.0
2133.0,1.0,0.0
2134.0,1.0,0.0
2135.0,1.0,0.0
2136.0,1.0,0.0
2137.0,1.0,0.0
2138.0,1.0,0.0
2139.0,1.0,0.0
2140.0,1.0,0.0
2141.0,1.0,0.0
2142.0,1.0,0.142857142857
2143.0,1.0,0.2
2144.0,1.0,0.0
2145.0,1.0,0.0909090909091
2146.0,1.0,0.0
2147.0,1.0,0.0
2148.0,1.0,0.0
2149.0,1.0,0.266666666667
2150.0,1.0,0.0
2151.0,1.0,0.0909090909091
2152.0,1.0,0.0
2153.0,1.0,0.0
2154.0,1.0,0.0
2155.0,1.0,0.0
2156.0,1.0,0.0
2157.0,1.0,0.125
2158.0,1.0,0.0
2159.0,1.0,0.166666666667
2160.0,1.0,0.0
2161.0,1.0,0.0
2162.0,1.0,0.0
2163.0,1.0,0.0
2164.0,1.0,0.2
2165.0,1.0,0.0
2166.0,1.0,0.0
2167.0,1.0,0.0
2168.0,1.0,0.0
2169.0,1.0,0.0
2170.0,1.0,0.0
2171.0,1.0,0.142857142857
2172.0,1.0,0.0
2173.0,1.0,0.0
2174.0,1.0,0.0
2175.0,1.0,0.0
2176.0,1.0,0.0
2177.0,1.0,0.0
2178.0,1.0,0.0
2179.0,1.0,0.0
2180.0,1.0,0.0
2181.0,1.0,0.0
2182.0,1.0,0.0
2183.0,1.0,0.0
2184.0,1.0,0.0
2185.0,1.0,0.0
2186.0,1.0,0.0
2187.0,1.0,0.0
2188.0,1.0,0.0
2189.0,1.0,0.0
2190.0,1.0,0.0
2191.0,1.0,0.0
2192.0,1.0,0.0
2193.0,1.0,0.0
2194.0,1.0,0.0
2195.0,1.0,0.0
2196.0,1.0,0.0
2197.0,1.0,0.0
2198.0,1.0,0.0
2199.0,1.0,0.0
2200.0,1.0,0.0
2201.0,1.0,0.0
2202.0,1.0,0.0
2203.0,1.0,0.0
2204.0,1.0,0.0
2205.0,1.0,0.0
2206.0,1.0,0.0
2207.0,1.0,0.0
2208.0,1.0,0.0
2209.0,1.0,0.0
2210.0,1.0,0.0
2211.0,1.0,0.0
2212.0,1.0,0.333333333333
2213.0,1.0,0.0
2214.0,1.0,0.0
2215.0,1.0,0.0
2216.0,1.0,0.0
2217.0,1.0,0.0
2218.0,1.0,0.0
2219.0,1.0,0.333333333333
2220.0,1.0,0.0
2221.0,1.0,0.142857142857
2222.0,1.0,0.0
2223.0,1.0,0.0
2224.0,1.0,0.0
2225.0,1.0,nan
2226.0,1.0,0.0
2227.0,1.0,0.0
2228.0,1.0,0.0
2229.0,1.0,0.0
2230.0,1.0,0.0
2231.0,1.0,0.0
2232.0,1.0,0.0
2233.0,1.0,0.0
2234.0,1.0,0.0
2235.0,1.0,0.0
2236.0,1.0,0.0
2237.0,1.0,0.0
2238.0,1.0,0.0
2239.0,1.0,0.0
2240.0,1.0,0.0
2241.0,1.0,0.0
2242.0,1.0,0.0
2243.0,1.0,0.0
2244.0,1.0,0.0
2245.0,1.0,0.0
2246.0,1.0,0.0
2247.0,1.0,0.0
2248.0,1.0,0.0
2249.0,1.0,0.0
2250.0,1.0,0.0
2251.0,1.0,0.142857142857
2252.0,1.0,0.0
2253.0,1.0,0.0
2254.0,1.0,0.0
2255.0,1.0,0.0
2256.0,1.0,0.0
2257.0,1.0,0.0
2258.0,1.0,0.0
2259.0,1.0,0.142857142857
2260.0,1.0,0.0
2261.0,1.0,0.0
2262.0,1.0,0.0
2263.0,1.0,0.0
2264.0,1.0,0.0
2265.0,1.0,0.0
2266.0,1.0,nan
2267.0,1.0,0.0
2268.0,1.0,0.0
2269.0,1.0,0.0
2270.0,1.0,0.0
2271.0,1.0,0.0
2272.0,1.0,0.0
2273.0,1.0,0.0
2274.0,1.0,0.0
2275.0,1.0,0.0
2276.0,1.0,0.0
2277.0,1.0,0.0
2278.0,1.0,0.0
2279.0,1.0,0.0
2280.0,1.0,0.0
2281.0,1.0,0.0
2282.0,1.0,0.0
2283.0,1.0,0.0
2284.0,1.0,0.0
2285.0,1.0,0.0
2286.0,1.0,0.0
2287.0,1.0,0.0
2288.0,1.0,0.0
2289.0,1.0,0.0
2290.0,1.0,0.0
2291.0,1.0,0.0
2292.0,1.0,0.0
2293.0,1.0,0.111111111111
2294.0,1.0,0.0
2295.0,1.0,0.0
2296.0,1.0,0.0
2297.0,1.0,0.0
2298.0,1.0,0.0909090909091
2299.0,1.0,0.0
2300.0,1.0,0.0
2301.0,1.0,0.0
2302.0,1.0,0.0
2303.0,1.0,0.0
2304.0,1.0,0.0
2305.0,1.0,0.0
2306.0,1.0,0.0
2307.0,1.0,0.0
2308.0,1.0,0.0
2309.0,1.0,0.0
2310.0,1.0,0.0
2311.0,1.0,0.0
2312.0,1.0,0.0
2313.0,1.0,0.0
2314.0,1.0,0.0
2315.0,1.0,0.0
2316.0,1.0,0.125
2317.0,1.0,0.0
2318.0,1.0,0.0
2319.0,1.0,0.0
2320.0,1.0,0.0
2321.0,1.0,0.0
2322.0,1.0,0.0
2323.0,1.0,0.0
2324.0,1.0,0.0
2325.0,1.0,0.0
2326.0,1.0,0.0
2327.0,1.0,0.0
2328.0,1.0,0.0
2329.0,1.0,0.0
2330.0,1.0,0.0
2331.0,1.0,0.0
2332.0,1.0,0.0
2333.0,1.0,0.0
2334.0,1.0,0.0
2335.0,1.0,0.0
2336.0,1.0,0.0
2337.0,1.0,0.0
2338.0,1.0,0.0
2339.0,1.0,0.0
2340.0,1.0,0.0
2341.0,1.0,0.0
2342.0,1.0,0.0
2343.0,1.0,0.0
2344.0,1.0,0.0
2345.0,1.0,0.0
2346.0,1.0,0.0
2347.0,1.0,0.0
2348.0,1.0,0.0
2349.0,1.0,0.0
2350.0,1.0,0.0
2351.0,1.0,0.0
2352.0,1.0,0.0
2353.0,1.0,0.0
2354.0,1.0,0.0
2355.0,1.0,0.0
2356.0,1.0,0.0
2357.0,1.0,0.0
2358.0,1.0,0.0
2359.0,1.0,0.05
2360.0,1.0,0.4
2361.0,1.0,0.333333333333
2362.0,1.0,0.333333333333
2363.0,1.0,0.0
2364.0,1.0,0.272727272727
2365.0,1.0,0.25
2366.0,1.0,0.25
2367.0,1.0,0.0
2368.0,1.0,0.5
2369.0,1.0,1.0
2370.0,1.0,nan
2371.0,1.0,0.7
2372.0,1.0,0.428571428571
2373.0,1.0,0.333333333333
2374.0,1.0,0.0
2375.0,1.0,0.0
2376.0,1.0,0.111111111111
2377.0,1.0,0.2
2378.0,1.0,0.0
2379.0,1.0,0.0
2380.0,1.0,0.111111111111
2381.0,1.0,0.111111111111
2382.0,1.0,0.2
2383.0,1.0,0.285714285714
2384.0,1.0,0.2
2385.0,1.0,0.4
2386.0,1.0,0.125
2387.0,1.0,0.0
2388.0,1.0,0.111111111111
2389.0,1.0,0.0
2390.0,1.0,0.285714285714
2391.0,1.0,0.0
2392.0,1.0,0.0
2393.0,1.0,0.0
2394.0,1.0,0.285714285714
2395.0,1.0,0.0
2396.0,1.0,0.166666666667
2397.0,1.0,0.666666666667
2398.0,1.0,0.0
2399.0,1.0,0.222222222222
2400.0,1.0,0.0
2401.0,1.0,0.0
2402.0,1.0,0.0
2403.0,1.0,0.0
2404.0,1.0,0.0
2405.0,1.0,0.0
2406.0,1.0,0.0
2407.0,1.0,0.0
2408.0,1.0,0.1
2409.0,1.0,0.0
2410.0,1.0,0.0
2411.0,1.0,0.0
2412.0,1.0,0.0
2413.0,1.0,0.125
2414.0,1.0,0.0909090909091
2415.0,1.0,0.2
2416.0,1.0,0.0
2417.0,1.0,0.0
2418.0,1.0,0.0
2419.0,1.0,0.0
2420.0,1.0,0.0
2421.0,1.0,0.0
2422.0,1.0,0.0909090909091
2423.0,1.0,0.0
2424.0,1.0,0.0
2425.0,1.0,0.0
2426.0,1.0,0.0
2427.0,1.0,0.0
2428.0,1.0,0.0
2429.0,1.0,0.0
2430.0,1.0,0.0
2431.0,1.0,0.0
2432.0,1.0,0.0
2433.0,1.0,0.25
2434.0,1.0,0.0
2435.0,1.0,0.0
2436.0,1.0,0.0
2437.0,1.0,0.1
2438.0,1.0,0.0
2439.0,1.0,0.0909090909091
2440.0,1.0,0.0
2441.0,1.0,0.166666666667
2442.0,1.0,0.0
2443.0,1.0,0.0
2444.0,1.0,0.272727272727
2445.0,1.0,0.0
2446.0,1.0,0.0666666666667
2447.0,1.0,0.0
2448.0,1.0,0.111111111111
2449.0,1.0,0.2
2450.0,1.0,0.0
2451.0,1.0,0.0
2452.0,1.0,0.0
2453.0,1.0,0.0
2454.0,1.0,0.0
2455.0,1.0,0.0
2456.0,1.0,0.0
2457.0,1.0,0.0
2458.0,1.0,0.0
2459.0,1.0,0.0
2460.0,1.0,0.4
2461.0,1.0,0.0
2462.0,1.0,0.571428571429
2463.0,1.0,nan
2464.0,1.0,0.166666666667
2465.0,1.0,0.1
2466.0,1.0,0.6
2467.0,1.0,0.25
2468.0,1.0,0.666666666667
2469.0,1.0,0.0
2470.0,1.0,0.222222222222
2471.0,1.0,0.272727272727
2472.0,1.0,0.0
2473.0,1.0,0.727272727273
2474.0,1.0,0.1
2475.0,1.0,0.6
2476.0,1.0,0.0
2477.0,1.0,0.0
2478.0,1.0,0.666666666667
2479.0,1.0,0.272727272727
2480.0,1.0,0.714285714286
2481.0,1.0,0.375
2482.0,1.0,0.0
2483.0,1.0,0.75
2484.0,1.0,0.25
2485.0,1.0,0.5
2486.0,1.0,0.428571428571
2487.0,1.0,0.333333333333
2488.0,1.0,0.111111111111
2489.0,1.0,0.666666666667
2490.0,1.0,0.285714285714
2491.0,1.0,0.0
2492.0,1.0,0.0
2493.0,1.0,0.0
2494.0,1.0,0.0
2495.0,1.0,0.166666666667
2496.0,1.0,0.0
2497.0,1.0,0.333333333333
2498.0,1.0,0.0
2499.0,1.0,0.0
2500.0,1.0,0.0
2501.0,1.0,0.0
2502.0,1.0,0.0
2503.0,1.0,0.0
2504.0,1.0,0.0
2505.0,1.0,0.0
2506.0,1.0,0.0
2507.0,1.0,0.0
2508.0,1.0,0.0
2509.0,1.0,0.0
2510.0,1.0,0.0
2511.0,1.0,0.0
2512.0,1.0,0.0
2513.0,1.0,0.0
2514.0,1.0,0.0
2515.0,1.0,0.2
2516.0,1.0,0.0
2517.0,1.0,0.0
2518.0,1.0,0.0
2519.0,1.0,0.0
2520.0,1.0,0.0
2521.0,1.0,0.0
2522.0,1.0,0.0
2523.0,1.0,0.0
2524.0,1.0,0.0
2525.0,1.0,0.0
2526.0,1.0,0.0
2527.0,1.0,nan
2528.0,1.0,0.0
2529.0,1.0,0.0
2530.0,1.0,0.0
2531.0,1.0,0.0
2532.0,1.0,0.0
2533.0,1.0,0.0
2534.0,1.0,nan
2535.0,1.0,0.0
2536.0,1.0,0.0
2537.0,1.0,0.166666666667
2538.0,1.0,0.0
2539.0,1.0,0.0
2540.0,1.0,0.1
2541.0,1.0,0.0
2542.0,1.0,0.0
2543.0,1.0,0.0
2544.0,1.0,0.0
2545.0,1.0,0.0
2546.0,1.0,0.0
2547.0,1.0,nan
2548.0,1.0,0.0
2549.0,1.0,0.0
2550.0,1.0,0.0
2551.0,1.0,0.0
2552.0,1.0,0.0
2553.0,1.0,0.0
2554.0,1.0,0.0
2555.0,1.0,0.0
2556.0,1.0,0.0
2557.0,1.0,0.0
2558.0,1.0,0.0
2559.0,1.0,0.0
2560.0,1.0,0.0
2561.0,1.0,0.0
2562.0,1.0,0.0
2563.0,1.0,0.0
2564.0,1.0,0.0
2565.0,1.0,0.0
2566.0,1.0,0.142857142857
2567.0,1.0,0.0
2568.0,1.0,0.0
2569.0,1.0,0.0
2570.0,1.0,0.0
2571.0,1.0,0.0
2572.0,1.0,0.0
2573.0,1.0,0.0
2574.0,1.0,0.0
2575.0,1.0,0.0
2576.0,1.0,0.0
2577.0,1.0,0.0
2578.0,1.0,0.142857142857
2579.0,1.0,0.0
2580.0,1.0,0.0
2581.0,1.0,0.0
2582.0,1.0,0.0
2583.0,1.0,0.0
2584.0,1.0,0.142857142857
2585.0,1.0,0.0
2586.0,1.0,0.1
2587.0,1.0,0.0
2588.0,1.0,0.0
2589.0,1.0,0.0
2590.0,1.0,0.0
2591.0,1.0,0.0
2592.0,1.0,0.0
2593.0,1.0,0.0
2594.0,1.0,0.0
2595.0,1.0,0.0
2596.0,1.0,0.0
2597.0,1.0,0.0
2598.0,1.0,0.0
2599.0,1.0,0.0
2600.0,1.0,0.0
2601.0,1.0,0.0
2602.0,1.0,0.0
2603.0,1.0,0.0
2604.0,1.0,0.0
2605.0,1.0,0.0
2606.0,1.0,0.0
2607.0,1.0,0.0
2608.0,1.0,0.0
2609.0,1.0,0.0
2610.0,1.0,0.0
2611.0,1.0,0.0
2612.0,1.0,0.0
2613.0,1.0,0.0
2614.0,1.0,0.166666666667
2615.0,1.0,0.0
2616.0,1.0,0.0
2617.0,1.0,0.0
2618.0,1.0,0.0
2619.0,1.0,0.0
2620.0,1.0,0.0
2621.0,1.0,0.0
2622.0,1.0,0.0
2623.0,1.0,0.0
2624.0,1.0,0.0
2625.0,1.0,0.0
2626.0,1.0,0.0
2627.0,1.0,0.0
2628.0,1.0,0.166666666667
2629.0,1.0,0.0
2630.0,1.0,0.0
2631.0,1.0,0.0
2632.0,1.0,0.0
2633.0,1.0,0.142857142857
2634.0,1.0,0.0
2635.0,1.0,0.0
2636.0,1.0,0.0
2637.0,1.0,0.285714285714
2638.0,1.0,0.0
2639.0,1.0,0.0
2640.0,1.0,0.0
2641.0,1.0,0.0
2642.0,1.0,0.0
2643.0,1.0,0.0
2644.0,1.0,0.0
2645.0,1.0,0.0
2646.0,1.0,0.0
2647.0,1.0,0.0
2648.0,1.0,0.125
2649.0,1.0,0.0
2650.0,1.0,0.0
2651.0,1.0,0.0
2652.0,1.0,0.0
2653.0,1.0,0.0
2654.0,1.0,0.0
2655.0,1.0,nan
2656.0,1.0,nan
2657.0,1.0,0.142857142857
2658.0,1.0,0.0
2659.0,1.0,0.0
2660.0,1.0,0.0
2661.0,1.0,0.125
2662.0,1.0,0.166666666667
2663.0,1.0,0.0
2664.0,1.0,0.0
2665.0,1.0,0.0
2666.0,1.0,0.0
2667.0,1.0,0.25
2668.0,1.0,0.0
2669.0,1.0,0.5
2670.0,1.0,0.0
2671.0,1.0,0.0
2672.0,1.0,0.0
2673.0,1.0,0.0
2674.0,1.0,0.0
2675.0,1.0,0.0
2676.0,1.0,0.0
2677.0,1.0,0.0
2678.0,1.0,0.0
2679.0,1.0,0.0
2680.0,1.0,0.0
2681.0,1.0,0.0
2682.0,1.0,0.0
2683.0,1.0,0.0
2684.0,1.0,0.0
2685.0,1.0,0.0
2686.0,1.0,0.0
2687.0,1.0,0.0
2688.0,1.0,0.0
2689.0,1.0,0.0
2690.0,1.0,0.0
2691.0,1.0,0.0
2692.0,1.0,0.0
2693.0,1.0,0.0
2694.0,1.0,0.0
2695.0,1.0,0.117647058824
2696.0,1.0,0.153846153846
2697.0,1.0,0.0
2698.0,1.0,0.0
2699.0,1.0,0.0
2700.0,1.0,0.0
2701.0,1.0,0.0
2702.0,1.0,0.0
2703.0,1.0,0.0
2704.0,1.0,0.0
2705.0,1.0,0.0
2706.0,1.0,0.0
2707.0,1.0,0.0
2708.0,1.0,0.0
2709.0,1.0,0.0
2710.0,1.0,0.0
2711.0,1.0,0.0
2712.0,1.0,0.0
2713.0,1.0,0.0
2714.0,1.0,0.0
2715.0,1.0,0.0909090909091
2716.0,1.0,0.0
2717.0,1.0,0.0
2718.0,1.0,0.0
2719.0,1.0,0.0
2720.0,1.0,0.0
2721.0,1.0,0.0
2722.0,1.0,0.0
2723.0,1.0,0.0
2724.0,1.0,0.0
2725.0,1.0,0.0
2726.0,1.0,0.0
2727.0,1.0,0.0
2728.0,1.0,0.0
2729.0,1.0,0.0
2730.0,1.0,0.0
2731.0,1.0,0.0
2732.0,1.0,0.0
2733.0,1.0,0.0
2734.0,1.0,0.0
2735.0,1.0,0.1
2736.0,1.0,0.0
2737.0,1.0,0.0
2738.0,1.0,0.0
2739.0,1.0,0.0
2740.0,1.0,0.0
2741.0,1.0,0.0
2742.0,1.0,0.0
2743.0,1.0,0.2
2744.0,1.0,0.0909090909091
2745.0,1.0,0.333333333333
2746.0,1.0,0.0
2747.0,1.0,0.0
2748.0,1.0,0.333333333333
2749.0,1.0,0.0
2750.0,1.0,0.666666666667
2751.0,1.0,0.333333333333
2752.0,1.0,0.0
2753.0,1.0,0.0
2754.0,1.0,0.8
2755.0,1.0,0.0
2756.0,1.0,0.2
2757.0,1.0,0.0
2758.0,1.0,0.222222222222
2759.0,1.0,1.0
2760.0,1.0,0.0909090909091
2761.0,1.0,0.0
2762.0,1.0,0.166666666667
2763.0,1.0,0.0
2764.0,1.0,0.0
2765.0,1.0,0.333333333333
2766.0,1.0,0.428571428571
2767.0,1.0,0.363636363636
2768.0,1.0,1.0
2769.0,1.0,0.111111111111
2770.0,1.0,0.0
2771.0,1.0,0.0
2772.0,1.0,0.333333333333
2773.0,1.0,0.0
2774.0,1.0,0.111111111111
2775.0,1.0,0.0
2776.0,1.0,0.0
2777.0,1.0,0.222222222222
2778.0,1.0,0.5
2779.0,1.0,0.5
2780.0,1.0,0.0
2781.0,1.0,0.125
2782.0,1.0,0.166666666667
2783.0,1.0,0.111111111111
2784.0,1.0,0.222222222222
2785.0,1.0,0.4
2786.0,1.0,0.285714285714
2787.0,1.0,0.0
2788.0,1.0,0.75
2789.0,1.0,0.0
2790.0,1.0,0.142857142857
2791.0,1.0,0.0
2792.0,1.0,0.125
2793.0,1.0,0.4
2794.0,1.0,0.6
2795.0,1.0,0.375
2796.0,1.0,0.0
2797.0,1.0,0.333333333333
2798.0,1.0,0.142857142857
2799.0,1.0,0.5
2800.0,1.0,0.0
2801.0,1.0,0.0
2802.0,1.0,0.272727272727
2803.0,1.0,0.0909090909091
2804.0,1.0,0.857142857143
2805.0,1.0,0.181818181818
2806.0,1.0,0.363636363636
2807.0,1.0,0.1
2808.0,1.0,0.363636363636
2809.0,1.0,0.181818181818
2810.0,1.0,0.3
2811.0,1.0,0.2
2812.0,1.0,0.0
2813.0,1.0,0.0
2814.0,1.0,0.0
2815.0,1.0,0.0
2816.0,1.0,0.0
2817.0,1.0,0.0
2818.0,1.0,0.0
2819.0,1.0,0.111111111111
2820.0,1.0,0.0
2821.0,1.0,0.0
2822.0,1.0,0.0
2823.0,1.0,0.0
2824.0,1.0,0.571428571429
2825.0,1.0,0.222222222222
2826.0,1.0,0.0
2827.0,1.0,0.0
2828.0,1.0,0.0
2829.0,1.0,0.0
2830.0,1.0,0.0
2831.0,1.0,0.0
2832.0,1.0,0.0
2833.0,1.0,0.0
2834.0,1.0,0.0
2835.0,1.0,0.0
2836.0,1.0,0.0
2837.0,1.0,0.0
2838.0,1.0,0.0
2839.0,1.0,0.0
2840.0,1.0,0.0
2841.0,1.0,0.0
2842.0,1.0,0.0
2843.0,1.0,0.0
2844.0,1.0,0.0
2845.0,1.0,nan
2846.0,1.0,0.0
2847.0,1.0,0.0
2848.0,1.0,0.0
2849.0,1.0,0.384615384615
2850.0,1.0,0.0
2851.0,1.0,0.0
2852.0,1.0,0.0
2853.0,1.0,0.0
2854.0,1.0,0.0
2855.0,1.0,0.0
2856.0,1.0,0.0
2857.0,1.0,0.125
2858.0,1.0,0.0
2859.0,1.0,0.142857142857
2860.0,1.0,0.0
2861.0,1.0,0.0
2862.0,1.0,0.0
2863.0,1.0,0.0
2864.0,1.0,0.0
2865.0,1.0,0.6
2866.0,1.0,0.875
2867.0,1.0,0.363636363636
2868.0,1.0,0.5
2869.0,1.0,0.111111111111
2870.0,1.0,0.0
2871.0,1.0,0.0
2872.0,1.0,0.571428571429
2873.0,1.0,0.0
2874.0,1.0,0.0
2875.0,1.0,0.0
2876.0,1.0,0.0
2877.0,1.0,0.0
2878.0,1.0,0.0
2879.0,1.0,0.1
2880.0,1.0,0.0
2881.0,1.0,0.0
2882.0,1.0,0.0
2883.0,1.0,0.0
2884.0,1.0,1.0
2885.0,1.0,0.0
2886.0,1.0,0.1
2887.0,1.0,0.1
2888.0,1.0,0.0
2889.0,1.0,0.0
2890.0,1.0,0.181818181818
2891.0,1.0,1.0
2892.0,1.0,0.181818181818
2893.0,1.0,0.222222222222
2894.0,1.0,0.2
2895.0,1.0,0.0
2896.0,1.0,0.0
2897.0,1.0,0.0
2898.0,1.0,0.1
2899.0,1.0,0.0
2900.0,1.0,0.0
2901.0,1.0,0.0
2902.0,1.0,0.0
2903.0,1.0,0.0
2904.0,1.0,0.0
2905.0,1.0,0.0
2906.0,1.0,0.0
2907.0,1.0,0.0
2908.0,1.0,0.0
2909.0,1.0,0.0
2910.0,1.0,0.0
2911.0,1.0,0.0
2912.0,1.0,0.0
2913.0,1.0,0.5
2914.0,1.0,0.142857142857
2915.0,1.0,0.333333333333
2916.0,1.0,0.125
2917.0,1.0,0.0
2918.0,1.0,0.0
2919.0,1.0,0.5
2920.0,1.0,0.0
2921.0,1.0,0.166666666667
2922.0,1.0,0.0
2923.0,1.0,0.0
2924.0,1.0,0.0
2925.0,1.0,0.125
2926.0,1.0,0.0
2927.0,1.0,0.0
2928.0,1.0,0.0
2929.0,1.0,0.0
2930.0,1.0,0.0
2931.0,1.0,0.0
2932.0,1.0,0.0
2933.0,1.0,0.0
2934.0,1.0,0.0
2935.0,1.0,0.1
2936.0,1.0,0.0
2937.0,1.0,0.0
2938.0,1.0,nan
2939.0,1.0,nan
2940.0,1.0,0.0
2941.0,1.0,0.0
2942.0,1.0,0.0
2943.0,1.0,0.0
2944.0,1.0,0.0
2945.0,1.0,nan
2946.0,1.0,0.0
2947.0,1.0,0.0
2948.0,1.0,0.0
2949.0,1.0,0.0
2950.0,1.0,0.0
2951.0,1.0,0.0
2952.0,1.0,0.0
2953.0,1.0,0.0
2954.0,1.0,0.0
2955.0,1.0,0.0
2956.0,1.0,0.0
2957.0,1.0,0.0
2958.0,1.0,0.0
2959.0,1.0,0.0
2960.0,1.0,0.0
2961.0,1.0,0.0
2962.0,1.0,0.0
2963.0,1.0,0.0
2964.0,1.0,0.0
2965.0,1.0,0.0
2966.0,1.0,0.0
2967.0,1.0,0.0
2968.0,1.0,0.0
2969.0,1.0,0.0
2970.0,1.0,0.0
2971.0,1.0,0.0
2972.0,1.0,0.0
2973.0,1.0,0.0
2974.0,1.0,0.0
2975.0,1.0,0.0
2976.0,1.0,0.0
2977.0,1.0,0.0
2978.0,1.0,0.0
2979.0,1.0,0.0
2980.0,1.0,0.0
2981.0,1.0,0.0625
2982.0,1.0,0.0
2983.0,1.0,0.0
2984.0,1.0,0.0
2985.0,1.0,0.0
2986.0,1.0,0.0
2987.0,1.0,0.0
2988.0,1.0,0.0
2989.0,1.0,0.0
2990.0,1.0,0.0
2991.0,1.0,0.0
2992.0,1.0,0.0
2993.0,1.0,0.0
2994.0,1.0,0.0
2995.0,1.0,0.0
2996.0,1.0,0.0
2997.0,1.0,0.0
2998.0,1.0,nan
2999.0,1.0,0.0
3000.0,1.0,0.333333333333
3001.0,1.0,0.125
3002.0,1.0,0.166666666667
3003.0,1.0,0.0
3004.0,1.0,0.0
3005.0,1.0,0.0
3006.0,1.0,0.0
3007.0,1.0,0.0
3008.0,1.0,0.0
3009.0,1.0,0.0
3010.0,1.0,0.181818181818
3011.0,1.0,0.0
3012.0,1.0,0.0
3013.0,1.0,0.125
3014.0,1.0,0.0909090909091
3015.0,1.0,0.222222222222
3016.0,1.0,0.25
3017.0,1.0,0.0909090909091
3018.0,1.0,0.0
3019.0,1.0,0.166666666667
3020.0,1.0,0.0
3021.0,1.0,0.0
3022.0,1.0,0.0
3023.0,1.0,0.0
3024.0,1.0,0.0
3025.0,1.0,0.125
3026.0,1.0,0.666666666667
3027.0,1.0,0.333333333333
3028.0,1.0,0.1
3029.0,1.0,0.0
3030.0,1.0,0.3
3031.0,1.0,0.0
3032.0,1.0,0.111111111111
3033.0,1.0,0.0
3034.0,1.0,0.2
3035.0,1.0,0.0
3036.0,1.0,0.0909090909091
3037.0,1.0,0.0
3038.0,1.0,0.272727272727
3039.0,1.0,0.0
3040.0,1.0,0.0
3041.0,1.0,0.0
3042.0,1.0,0.0
3043.0,1.0,0.142857142857
3044.0,1.0,0.1
3045.0,1.0,0.25
3046.0,1.0,0.142857142857
3047.0,1.0,0.0
3048.0,1.0,0.181818181818
3049.0,1.0,0.428571428571
3050.0,1.0,0.166666666667
3051.0,1.0,0.2
3052.0,1.0,0.1
3053.0,1.0,0.0
3054.0,1.0,0.0
3055.0,1.0,0.0
3056.0,1.0,0.142857142857
3057.0,1.0,0.0
3058.0,1.0,0.0
3059.0,1.0,0.0
3060.0,1.0,0.0
3061.0,1.0,0.0
3062.0,1.0,0.0
3063.0,1.0,0.0
3064.0,1.0,0.0
3065.0,1.0,0.0
3066.0,1.0,0.0
3067.0,1.0,0.0
3068.0,1.0,0.0909090909091
3069.0,1.0,0.0909090909091
3070.0,1.0,0.0
3071.0,1.0,0.125
3072.0,1.0,0.0
3073.0,1.0,0.0
3074.0,1.0,0.2
3075.0,1.0,0.0
3076.0,1.0,0.272727272727
3077.0,1.0,0.0
3078.0,1.0,0.0
3079.0,1.0,0.5
3080.0,1.0,0.0909090909091
3081.0,1.0,0.0
3082.0,1.0,0.0
3083.0,1.0,0.0
3084.0,1.0,0.0
3085.0,1.0,0.333333333333
3086.0,1.0,0.0
3087.0,1.0,0.333333333333
3088.0,1.0,0.0909090909091
3089.0,1.0,0.25
3090.0,1.0,0.8
3091.0,1.0,0.111111111111
3092.0,1.0,0.75
3093.0,1.0,0.0
3094.0,1.0,0.125
3095.0,1.0,0.0
3096.0,1.0,0.0
3097.0,1.0,0.0
3098.0,1.0,0.0
3099.0,1.0,0.0
3100.0,1.0,0.0
3101.0,1.0,0.0
3102.0,1.0,0.0
3103.0,1.0,0.0
3104.0,1.0,0.0
3105.0,1.0,0.0
3106.0,1.0,0.0
3107.0,1.0,0.0
3108.0,1.0,0.0
3109.0,1.0,0.0
3110.0,1.0,0.0
3111.0,1.0,0.0
3112.0,1.0,0.0
3113.0,1.0,0.0
3114.0,1.0,0.1
3115.0,1.0,0.0909090909091
3116.0,1.0,0.0
3117.0,1.0,0.0
3118.0,1.0,0.0
3119.0,1.0,0.0
3120.0,1.0,0.0
3121.0,1.0,0.0
3122.0,1.0,0.0
3123.0,1.0,0.0
3124.0,1.0,0.0
3125.0,1.0,0.0
3126.0,1.0,0.0
3127.0,1.0,0.0
3128.0,1.0,0.0
3129.0,1.0,0.0
3130.0,1.0,0.0
3131.0,1.0,0.0
3132.0,1.0,0.0
3133.0,1.0,0.0
3134.0,1.0,0.0
3135.0,1.0,0.0
3136.0,1.0,0.0
3137.0,1.0,0.0
3138.0,1.0,0.0
3139.0,1.0,0.0
3140.0,1.0,0.0
3141.0,1.0,0.0
3142.0,1.0,0.0
3143.0,1.0,0.0
3144.0,1.0,0.166666666667
3145.0,1.0,0.0
3146.0,1.0,0.0
3147.0,1.0,0.0
3148.0,1.0,0.0
3149.0,1.0,0.0
3150.0,1.0,0.0
3151.0,1.0,0.2
3152.0,1.0,0.0
3153.0,1.0,0.0
3154.0,1.0,0.0
3155.0,1.0,0.0
3156.0,1.0,0.0
3157.0,1.0,0.0
3158.0,1.0,0.0
3159.0,1.0,0.142857142857
3160.0,1.0,0.444444444444
3161.0,1.0,0.2
3162.0,1.0,0.625
3163.0,1.0,0.666666666667
3164.0,1.0,0.0
3165.0,1.0,0.285714285714
3166.0,1.0,0.222222222222
3167.0,1.0,0.222222222222
3168.0,1.0,0.2
3169.0,1.0,0.714285714286
3170.0,1.0,0.222222222222
3171.0,1.0,1.0
3172.0,1.0,0.2
3173.0,1.0,0.125
3174.0,1.0,0.0
3175.0,1.0,0.25
3176.0,1.0,0.2
3177.0,1.0,0.2
3178.0,1.0,0.0
3179.0,1.0,0.25
3180.0,1.0,nan
3181.0,1.0,0.0
3182.0,1.0,0.0
3183.0,1.0,0.0
3184.0,1.0,0.0
3185.0,1.0,0.0
3186.0,1.0,0.0
3187.0,1.0,0.0
3188.0,1.0,0.0
3189.0,1.0,nan
3190.0,1.0,0.0
3191.0,1.0,0.0
3192.0,1.0,0.0
3193.0,1.0,0.0
3194.0,1.0,0.0
3195.0,1.0,0.0
3196.0,1.0,0.0
3197.0,1.0,0.0
3198.0,1.0,0.142857142857
3199.0,1.0,0.0
3200.0,1.0,0.0
3201.0,1.0,0.0
3202.0,1.0,0.0
3203.0,1.0,0.0
3204.0,1.0,0.0
3205.0,1.0,0.0
3206.0,1.0,0.0
3207.0,1.0,0.0
3208.0,1.0,0.2
3209.0,1.0,0.111111111111
3210.0,1.0,0.153846153846
3211.0,1.0,0.0
3212.0,1.0,0.0
3213.0,1.0,0.0
3214.0,1.0,0.0
3215.0,1.0,0.0
3216.0,1.0,0.0
3217.0,1.0,0.0
3218.0,1.0,0.0
3219.0,1.0,0.0
3220.0,1.0,0.0
3221.0,1.0,0.0
3222.0,1.0,0.0
3223.0,1.0,0.0
3224.0,1.0,0.0
3225.0,1.0,0.0
3226.0,1.0,0.0
3227.0,1.0,0.0
3228.0,1.0,0.0
3229.0,1.0,0.0
3230.0,1.0,0.0
3231.0,1.0,0.0
3232.0,1.0,0.0
3233.0,1.0,0.0
3234.0,1.0,0.0
3235.0,1.0,0.0
3236.0,1.0,0.0
3237.0,1.0,0.0
3238.0,1.0,0.0
3239.0,1.0,0.0
3240.0,1.0,0.0
3241.0,1.0,0.0
3242.0,1.0,0.0
3243.0,1.0,0.0
3244.0,1.0,0.0
3245.0,1.0,0.0
3246.0,1.0,0.0
3247.0,1.0,0.333333333333
3248.0,1.0,0.0
3249.0,1.0,0.0
3250.0,1.0,0.0
3251.0,1.0,0.0
3252.0,1.0,0.0
3253.0,1.0,0.0
3254.0,1.0,0.0
3255.0,1.0,0.0
3256.0,1.0,0.0
3257.0,1.0,0.272727272727
3258.0,1.0,0.375
3259.0,1.0,0.5
3260.0,1.0,0.428571428571
3261.0,1.0,0.5
3262.0,1.0,0.285714285714
3263.0,1.0,0.0
3264.0,1.0,0.0
3265.0,1.0,0.0
3266.0,1.0,0.2
3267.0,1.0,0.0
3268.0,1.0,0.272727272727
3269.0,1.0,0.454545454545
3270.0,1.0,0.285714285714
3271.0,1.0,0.0
3272.0,1.0,0.0
3273.0,1.0,0.0
3274.0,1.0,0.0
3275.0,1.0,0.0
3276.0,1.0,0.0
3277.0,1.0,0.4
3278.0,1.0,0.133333333333
3279.0,1.0,0.0
3280.0,1.0,0.0
3281.0,1.0,0.0
3282.0,1.0,0.0
3283.0,1.0,nan
3284.0,1.0,0.0
3285.0,1.0,0.0
3286.0,1.0,0.0
3287.0,1.0,0.0
3288.0,1.0,0.0
3289.0,1.0,0.0
3290.0,1.0,0.0
3291.0,1.0,0.0
3292.0,1.0,0.0
3293.0,1.0,0.0
3294.0,1.0,nan
3295.0,1.0,0.0
3296.0,1.0,0.125
3297.0,1.0,0.0
3298.0,1.0,0.0
3299.0,1.0,0.0
3300.0,1.0,0.0
3301.0,1.0,0.235294117647
3302.0,1.0,0.0
3303.0,1.0,1.0
3304.0,1.0,0.0
3305.0,1.0,0.142857142857
3306.0,1.0,0.0
3307.0,1.0,0.0
3308.0,1.0,0.0
3309.0,1.0,0.0
3310.0,1.0,0.0
3311.0,1.0,0.0
3312.0,1.0,0.0
3313.0,1.0,0.166666666667
3314.0,1.0,0.0
3315.0,1.0,0.0
3316.0,1.0,0.0
3317.0,1.0,0.0
3318.0,1.0,0.0
3319.0,1.0,0.0
3320.0,1.0,0.0
3321.0,1.0,0.142857142857
3322.0,1.0,0.25
3323.0,1.0,0.0
3324.0,1.0,0.0
3325.0,1.0,0.0
3326.0,1.0,0.0
3327.0,1.0,0.0
3328.0,1.0,0.0
3329.0,1.0,0.0
3330.0,1.0,0.0
3331.0,1.0,0.0
3332.0,1.0,0.0
3333.0,1.0,nan
3334.0,1.0,0.0
3335.0,1.0,0.0
3336.0,1.0,0.0
3337.0,1.0,0.0
3338.0,1.0,0.142857142857
3339.0,1.0,0.0
3340.0,1.0,0.0
3341.0,1.0,0.25
3342.0,1.0,0.181818181818
3343.0,1.0,0.5
3344.0,1.0,0.5
3345.0,1.0,0.125
3346.0,1.0,0.111111111111
3347.0,1.0,0.0
3348.0,1.0,0.4
3349.0,1.0,0.1
3350.0,1.0,0.0
3351.0,1.0,0.142857142857
3352.0,1.0,0.714285714286
3353.0,1.0,0.111111111111
3354.0,1.0,0.5
3355.0,1.0,0.666666666667
3356.0,1.0,0.0
3357.0,1.0,0.0
3358.0,1.0,0.3
3359.0,1.0,1.0
3360.0,1.0,0.0
3361.0,1.0,0.0
3362.0,1.0,0.0
3363.0,1.0,0.0
3364.0,1.0,0.0
3365.0,1.0,0.0
3366.0,1.0,0.0
3367.0,1.0,0.0
3368.0,1.0,0.0
3369.0,1.0,0.0
3370.0,1.0,0.0
3371.0,1.0,0.0
3372.0,1.0,0.0
3373.0,1.0,0.0
3374.0,1.0,0.0
3375.0,1.0,0.4
3376.0,1.0,0.0
3377.0,1.0,0.0
3378.0,1.0,0.0
3379.0,1.0,0.0
3380.0,1.0,0.0
3381.0,1.0,0.0
3382.0,1.0,0.0
3383.0,1.0,0.0
3384.0,1.0,0.0
3385.0,1.0,0.0
3386.0,1.0,0.0
3387.0,1.0,0.0
3388.0,1.0,0.0
3389.0,1.0,0.0
3390.0,1.0,0.0
3391.0,1.0,0.0
3392.0,1.0,0.0
3393.0,1.0,0.142857142857
3394.0,1.0,0.0
3395.0,1.0,0.0
3396.0,1.0,0.0
3397.0,1.0,0.0
3398.0,1.0,0.0
3399.0,1.0,0.0
3400.0,1.0,0.0
3401.0,1.0,0.0
3402.0,1.0,0.0
3403.0,1.0,0.0
3404.0,1.0,0.0
3405.0,1.0,0.0
3406.0,1.0,0.0
3407.0,1.0,0.0
3408.0,1.0,0.0
3409.0,1.0,0.0
3410.0,1.0,0.0
3411.0,1.0,0.0
3412.0,1.0,0.0
3413.0,1.0,0.0
3414.0,1.0,0.0
3415.0,1.0,0.0
3416.0,1.0,0.0
3417.0,1.0,0.0
3418.0,1.0,0.0
3419.0,1.0,0.0
3420.0,1.0,nan
3421.0,1.0,0.0
3422.0,1.0,nan
3423.0,1.0,0.0
3424.0,1.0,0.0
3425.0,1.0,0.0
3426.0,1.0,0.0
3427.0,1.0,0.0
3428.0,1.0,0.0
3429.0,1.0,0.0
3430.0,1.0,0.222222222222
3431.0,1.0,0.181818181818
3432.0,1.0,0.375
3433.0,1.0,0.0
3434.0,1.0,0.0
3435.0,1.0,0.0
3436.0,1.0,0.0909090909091
3437.0,1.0,0.142857142857
3438.0,1.0,0.0
3439.0,1.0,0.1
3440.0,1.0,0.0
3441.0,1.0,0.0
3442.0,1.0,0.0
3443.0,1.0,0.0
3444.0,1.0,0.0
3445.0,1.0,0.0
3446.0,1.0,0.0
3447.0,1.0,0.0
3448.0,1.0,0.0
3449.0,1.0,0.0
3450.0,1.0,0.0
3451.0,1.0,0.0
3452.0,1.0,0.0
3453.0,1.0,0.0
3454.0,1.0,0.0
3455.0,1.0,0.0
3456.0,1.0,0.0
3457.0,1.0,0.0
3458.0,1.0,0.0
3459.0,1.0,0.0
3460.0,1.0,0.0
3461.0,1.0,0.0
3462.0,1.0,0.0
3463.0,1.0,0.0
3464.0,1.0,0.0
3465.0,1.0,0.0
3466.0,1.0,0.0
3467.0,1.0,0.0
3468.0,1.0,0.0
3469.0,1.0,0.0
3470.0,1.0,0.0
3471.0,1.0,0.0
3472.0,1.0,0.0
3473.0,1.0,0.0
3474.0,1.0,0.0
3475.0,1.0,0.0
3476.0,1.0,0.0
3477.0,1.0,0.0
3478.0,1.0,0.0
3479.0,1.0,0.333333333333
3480.0,1.0,0.142857142857
3481.0,1.0,0.0
3482.0,1.0,0.125
3483.0,1.0,0.0
3484.0,1.0,0.0
3485.0,1.0,0.0
3486.0,1.0,0.0
3487.0,1.0,0.0
3488.0,1.0,0.0
3489.0,1.0,0.0
3490.0,1.0,0.0
3491.0,1.0,0.0
3492.0,1.0,0.142857142857
3493.0,1.0,0.0
3494.0,1.0,0.0
3495.0,1.0,0.0
3496.0,1.0,0.0
3497.0,1.0,0.0
3498.0,1.0,0.0
3499.0,1.0,0.0
3500.0,1.0,0.0
3501.0,1.0,0.0
3502.0,1.0,0.0
3503.0,1.0,0.0
3504.0,1.0,0.0
3505.0,1.0,0.0
3506.0,1.0,0.0
3507.0,1.0,0.0
3508.0,1.0,0.0
3509.0,1.0,0.0
3510.0,1.0,0.0
3511.0,1.0,0.0
3512.0,1.0,0.0
3513.0,1.0,0.0
3514.0,1.0,0.0
3515.0,1.0,0.0
3516.0,1.0,0.0
3517.0,1.0,0.0
3518.0,1.0,0.0
3519.0,1.0,0.0
3520.0,1.0,0.0
3521.0,1.0,0.0
3522.0,1.0,0.0
3523.0,1.0,0.0
3524.0,1.0,0.0
3525.0,1.0,0.0
3526.0,1.0,0.0
3527.0,1.0,0.0
3528.0,1.0,0.0
3529.0,1.0,nan
3530.0,1.0,0.0
3531.0,1.0,0.0
3532.0,1.0,0.0
3533.0,1.0,0.0
3534.0,1.0,0.0
3535.0,1.0,0.0
3536.0,1.0,0.0
3537.0,1.0,0.0
3538.0,1.0,0.0
3539.0,1.0,0.0
3540.0,1.0,0.0
3541.0,1.0,nan
3542.0,1.0,nan
3543.0,1.0,0.0
3544.0,1.0,nan
3545.0,1.0,nan
3546.0,1.0,nan
3547.0,1.0,0.0
3548.0,1.0,nan
3549.0,1.0,nan
3550.0,1.0,0.0
3551.0,1.0,nan
3552.0,1.0,nan
3553.0,1.0,nan
3554.0,1.0,nan
3555.0,1.0,0.0
3556.0,1.0,0.0
3557.0,1.0,0.0
3558.0,1.0,0.0
3559.0,1.0,0.0
3560.0,1.0,0.0
3561.0,1.0,0.5
3562.0,1.0,0.25
3563.0,1.0,0.0
3564.0,1.0,nan
3565.0,1.0,0.3
3566.0,1.0,0.333333333333
3567.0,1.0,0.0
3568.0,1.0,0.8
3569.0,1.0,0.111111111111
3570.0,1.0,0.0
3571.0,1.0,0.0
3572.0,1.0,0.166666666667
3573.0,1.0,0.0
3574.0,1.0,0.0
3575.0,1.0,0.0
3576.0,1.0,0.0
3577.0,1.0,0.0
3578.0,1.0,0.222222222222
3579.0,1.0,0.0
3580.0,1.0,0.0
3581.0,1.0,nan
3582.0,1.0,0.0
3583.0,1.0,0.0
3584.0,1.0,0.0
3585.0,1.0,0.0
3586.0,1.0,nan
3587.0,1.0,nan
3588.0,1.0,nan
3589.0,1.0,0.0
3590.0,1.0,0.0
3591.0,1.0,nan
3592.0,1.0,nan
3593.0,1.0,0.0
3594.0,1.0,nan
3595.0,1.0,nan
3596.0,1.0,0.0
3597.0,1.0,nan
3598.0,1.0,nan
3599.0,1.0,0.0
