0.0,3.0,0.222222222222
3.0,3.0,0.222222222222
6.0,3.0,0.037037037037
9.0,3.0,0.0
12.0,3.0,0.0344827586207
15.0,3.0,0.0
18.0,3.0,0.0588235294118
21.0,3.0,0.0
24.0,3.0,0.0
27.0,3.0,0.0
30.0,3.0,0.0625
33.0,3.0,0.0344827586207
36.0,3.0,0.0
39.0,3.0,0.0
42.0,3.0,0.0606060606061
45.0,3.0,0.0
48.0,3.0,0.0
51.0,3.0,0.0
54.0,3.0,0.0
57.0,3.0,0.0
60.0,3.0,0.0
63.0,3.0,0.0952380952381
66.0,3.0,0.0
69.0,3.0,0.0
72.0,3.0,0.0
75.0,3.0,0.0588235294118
78.0,3.0,0.0
81.0,3.0,0.0666666666667
84.0,3.0,0.1
87.0,3.0,0.0
90.0,3.0,0.0
93.0,3.0,0.0
96.0,3.0,0.0
99.0,3.0,0.0
102.0,3.0,0.0
105.0,3.0,0.0
108.0,3.0,0.0
111.0,3.0,0.0
114.0,3.0,0.0
117.0,3.0,0.0
120.0,3.0,0.0
123.0,3.0,0.0434782608696
126.0,3.0,0.0
129.0,3.0,0.0
132.0,3.0,0.0526315789474
135.0,3.0,0.0
138.0,3.0,0.0
141.0,3.0,0.125
144.0,3.0,0.117647058824
147.0,3.0,0.04
150.0,3.0,0.0833333333333
153.0,3.0,0.0
156.0,3.0,0.0
159.0,3.0,0.0666666666667
162.0,3.0,0.0
165.0,3.0,0.105263157895
168.0,3.0,0.0
171.0,3.0,0.0
174.0,3.0,0.0
177.0,3.0,0.0
180.0,3.0,0.0588235294118
183.0,3.0,0.0
186.0,3.0,0.0
189.0,3.0,0.166666666667
192.0,3.0,0.111111111111
195.0,3.0,0.0
198.0,3.0,0.037037037037
201.0,3.0,0.0666666666667
204.0,3.0,0.0
207.0,3.0,0.125
210.0,3.0,0.0952380952381
213.0,3.0,0.0588235294118
216.0,3.0,0.111111111111
219.0,3.0,0.0555555555556
222.0,3.0,0.1
225.0,3.0,0.0
228.0,3.0,0.0
231.0,3.0,0.0
234.0,3.0,0.2
237.0,3.0,0.047619047619
240.0,3.0,0.0
243.0,3.0,0.0454545454545
246.0,3.0,0.0
249.0,3.0,0.0769230769231
252.0,3.0,0.0
255.0,3.0,0.0
258.0,3.0,0.1
261.0,3.0,0.04
264.0,3.0,0.0
267.0,3.0,0.05
270.0,3.0,0.0
273.0,3.0,0.0526315789474
276.0,3.0,0.0
279.0,3.0,0.111111111111
282.0,3.0,0.0
285.0,3.0,0.0
288.0,3.0,0.0555555555556
291.0,3.0,0.0
294.0,3.0,0.0454545454545
297.0,3.0,0.0416666666667
300.0,3.0,0.0555555555556
303.0,3.0,0.0
306.0,3.0,0.0
309.0,3.0,0.047619047619
312.0,3.0,0.0
315.0,3.0,0.0
318.0,3.0,0.047619047619
321.0,3.0,0.0
324.0,3.0,0.05
327.0,3.0,0.0
330.0,3.0,0.047619047619
333.0,3.0,0.0
336.0,3.0,0.0
339.0,3.0,0.05
342.0,3.0,0.0625
345.0,3.0,0.0
348.0,3.0,0.0416666666667
351.0,3.0,0.0
354.0,3.0,0.0
357.0,3.0,0.0
360.0,3.0,0.0
363.0,3.0,0.0
366.0,3.0,0.0
369.0,3.0,0.0
372.0,3.0,0.111111111111
375.0,3.0,0.0
378.0,3.0,0.0
381.0,3.0,0.0
384.0,3.0,0.03125
387.0,3.0,0.0952380952381
390.0,3.0,0.260869565217
393.0,3.0,0.142857142857
396.0,3.0,0.241379310345
399.0,3.0,0.25
402.0,3.0,0.0769230769231
405.0,3.0,0.2
408.0,3.0,0.0869565217391
411.0,3.0,0.222222222222
414.0,3.0,0.478260869565
417.0,3.0,0.470588235294
420.0,3.0,0.428571428571
423.0,3.0,0.266666666667
426.0,3.0,0.352941176471
429.0,3.0,0.277777777778
432.0,3.0,0.235294117647
435.0,3.0,0.125
438.0,3.0,0.0
441.0,3.0,0.0909090909091
444.0,3.0,0.0666666666667
447.0,3.0,0.0434782608696
450.0,3.0,0.0
453.0,3.0,0.0
456.0,3.0,0.0
459.0,3.0,0.0555555555556
462.0,3.0,0.0869565217391
465.0,3.0,0.111111111111
468.0,3.0,0.0
471.0,3.0,0.0
474.0,3.0,0.214285714286
477.0,3.0,0.227272727273
480.0,3.0,0.0
483.0,3.0,0.0
486.0,3.0,0.0333333333333
489.0,3.0,0.047619047619
492.0,3.0,0.0625
495.0,3.0,0.115384615385
498.0,3.0,0.0714285714286
501.0,3.0,0.0555555555556
504.0,3.0,0.115384615385
507.0,3.0,0.2
510.0,3.0,0.0714285714286
513.0,3.0,0.107142857143
516.0,3.0,0.0
519.0,3.0,0.190476190476
522.0,3.0,0.0869565217391
525.0,3.0,0.0833333333333
528.0,3.0,0.0
531.0,3.0,0.0344827586207
534.0,3.0,0.05
537.0,3.0,0.0
540.0,3.0,0.0
543.0,3.0,0.0322580645161
546.0,3.0,0.2
549.0,3.0,0.0
552.0,3.0,0.0526315789474
555.0,3.0,0.1
558.0,3.0,0.142857142857
561.0,3.0,0.0
564.0,3.0,0.0769230769231
567.0,3.0,0.136363636364
570.0,3.0,0.190476190476
573.0,3.0,0.0769230769231
576.0,3.0,0.2
579.0,3.0,0.153846153846
582.0,3.0,0.3
585.0,3.0,0.166666666667
588.0,3.0,0.0
591.0,3.0,0.0555555555556
594.0,3.0,0.0
597.0,3.0,0.0
600.0,3.0,0.0714285714286
603.0,3.0,0.0588235294118
606.0,3.0,0.047619047619
609.0,3.0,0.0384615384615
612.0,3.0,0.0
615.0,3.0,0.047619047619
618.0,3.0,0.0769230769231
621.0,3.0,0.0
624.0,3.0,0.0
627.0,3.0,0.0
630.0,3.0,0.12
633.0,3.0,0.0
636.0,3.0,0.190476190476
639.0,3.0,0.0740740740741
642.0,3.0,0.0
645.0,3.0,0.238095238095
648.0,3.0,0.2
651.0,3.0,0.230769230769
654.0,3.0,0.173913043478
657.0,3.0,0.0
660.0,3.0,0.0625
663.0,3.0,0.1
666.0,3.0,0.0
669.0,3.0,0.0
672.0,3.0,0.0666666666667
675.0,3.0,0.130434782609
678.0,3.0,0.0
681.0,3.0,0.0833333333333
684.0,3.0,0.0416666666667
687.0,3.0,0.0
690.0,3.0,0.260869565217
693.0,3.0,0.0909090909091
696.0,3.0,0.0526315789474
699.0,3.0,0.176470588235
702.0,3.0,0.181818181818
705.0,3.0,0.125
708.0,3.0,0.230769230769
711.0,3.0,0.206896551724
714.0,3.0,0.466666666667
717.0,3.0,0.15
720.0,3.0,0.176470588235
723.0,3.0,0.217391304348
726.0,3.0,0.2
729.0,3.0,0.307692307692
732.0,3.0,0.24
735.0,3.0,0.333333333333
738.0,3.0,0.15
741.0,3.0,0.130434782609
744.0,3.0,0.217391304348
747.0,3.0,0.285714285714
750.0,3.0,0.294117647059
753.0,3.0,0.0909090909091
756.0,3.0,0.111111111111
759.0,3.0,0.15
762.0,3.0,0.333333333333
765.0,3.0,0.235294117647
768.0,3.0,0.142857142857
771.0,3.0,0.0
774.0,3.0,0.0
777.0,3.0,0.0
780.0,3.0,0.0
783.0,3.0,0.0
786.0,3.0,0.0
789.0,3.0,0.0416666666667
792.0,3.0,0.0
795.0,3.0,0.0
798.0,3.0,0.05
801.0,3.0,0.142857142857
804.0,3.0,0.0
807.0,3.0,0.0
810.0,3.0,0.0
813.0,3.0,0.047619047619
816.0,3.0,0.0909090909091
819.0,3.0,0.105263157895
822.0,3.0,0.148148148148
825.0,3.0,0.0833333333333
828.0,3.0,0.0
831.0,3.0,0.0
834.0,3.0,0.0
837.0,3.0,0.0
840.0,3.0,0.0
843.0,3.0,0.0
846.0,3.0,0.0
849.0,3.0,0.0
852.0,3.0,0.0
855.0,3.0,0.0
858.0,3.0,0.0
861.0,3.0,0.0
864.0,3.0,0.0
867.0,3.0,0.0
870.0,3.0,0.24
873.0,3.0,0.176470588235
876.0,3.0,0.285714285714
879.0,3.0,0.117647058824
882.0,3.0,0.0
885.0,3.0,0.0
888.0,3.0,0.0833333333333
891.0,3.0,0.0
894.0,3.0,0.0
897.0,3.0,0.0
900.0,3.0,0.0416666666667
903.0,3.0,0.0526315789474
906.0,3.0,0.0
909.0,3.0,0.08
912.0,3.0,0.12
915.0,3.0,0.166666666667
918.0,3.0,0.117647058824
921.0,3.0,0.04
924.0,3.0,0.0
927.0,3.0,0.0
930.0,3.0,0.0
933.0,3.0,0.0
936.0,3.0,0.0
939.0,3.0,0.260869565217
942.0,3.0,0.230769230769
945.0,3.0,0.2
948.0,3.0,0.192307692308
951.0,3.0,0.3
954.0,3.0,0.166666666667
957.0,3.0,0.333333333333
960.0,3.0,0.0740740740741
963.0,3.0,0.545454545455
966.0,3.0,0.111111111111
969.0,3.0,0.238095238095
972.0,3.0,0.24
975.0,3.0,0.153846153846
978.0,3.0,0.0
981.0,3.0,0.0588235294118
984.0,3.0,0.0
987.0,3.0,0.166666666667
990.0,3.0,0.0555555555556
993.0,3.0,0.190476190476
996.0,3.0,0.0
999.0,3.0,0.115384615385
1002.0,3.0,0.125
1005.0,3.0,0.142857142857
1008.0,3.0,0.0
1011.0,3.0,0.0
1014.0,3.0,0.0526315789474
1017.0,3.0,0.0
1020.0,3.0,0.0869565217391
1023.0,3.0,0.0
1026.0,3.0,0.047619047619
1029.0,3.0,0.0
1032.0,3.0,0.0416666666667
1035.0,3.0,0.230769230769
1038.0,3.0,0.0
1041.0,3.0,0.04
1044.0,3.0,0.0
1047.0,3.0,0.0
1050.0,3.0,0.0
1053.0,3.0,0.105263157895
1056.0,3.0,0.0
1059.0,3.0,0.0416666666667
1062.0,3.0,0.136363636364
1065.0,3.0,0.136363636364
1068.0,3.0,0.105263157895
1071.0,3.0,0.0625
1074.0,3.0,0.0454545454545
1077.0,3.0,0.0526315789474
1080.0,3.0,0.111111111111
1083.0,3.0,0.0
1086.0,3.0,0.0
1089.0,3.0,0.0
1092.0,3.0,0.0526315789474
1095.0,3.0,0.0
1098.0,3.0,0.0
1101.0,3.0,0.0454545454545
1104.0,3.0,0.0
1107.0,3.0,0.0
1110.0,3.0,0.0
1113.0,3.0,0.133333333333
1116.0,3.0,0.08
1119.0,3.0,0.0625
1122.0,3.0,0.0
1125.0,3.0,0.0
1128.0,3.0,0.0909090909091
1131.0,3.0,0.0
1134.0,3.0,0.133333333333
1137.0,3.0,0.0
1140.0,3.0,0.0
1143.0,3.0,0.136363636364
1146.0,3.0,0.25
1149.0,3.0,0.0
1152.0,3.0,0.0555555555556
1155.0,3.0,0.0526315789474
1158.0,3.0,0.047619047619
1161.0,3.0,0.05
1164.0,3.0,0.0
1167.0,3.0,0.0
1170.0,3.0,0.1875
1173.0,3.0,0.21875
1176.0,3.0,0.263157894737
1179.0,3.0,0.0
1182.0,3.0,0.0
1185.0,3.0,0.0
1188.0,3.0,0.0
1191.0,3.0,0.0
1194.0,3.0,0.0
1197.0,3.0,0.0
1200.0,3.0,0.0
1203.0,3.0,0.0
1206.0,3.0,0.0
1209.0,3.0,0.0
1212.0,3.0,0.0
1215.0,3.0,0.0
1218.0,3.0,0.0
1221.0,3.0,0.0
1224.0,3.0,0.0
1227.0,3.0,0.0
1230.0,3.0,0.0
1233.0,3.0,0.0
1236.0,3.0,0.0
1239.0,3.0,0.0
1242.0,3.0,0.0
1245.0,3.0,0.0
1248.0,3.0,0.0
1251.0,3.0,0.0
1254.0,3.0,0.0
1257.0,3.0,0.0
1260.0,3.0,0.347826086957
1263.0,3.0,0.206896551724
1266.0,3.0,0.210526315789
1269.0,3.0,0.25
1272.0,3.0,0.3
1275.0,3.0,0.0526315789474
1278.0,3.0,0.125
1281.0,3.0,0.0555555555556
1284.0,3.0,0.0625
1287.0,3.0,0.142857142857
1290.0,3.0,0.0
1293.0,3.0,0.0
1296.0,3.0,0.0
1299.0,3.0,0.0
1302.0,3.0,0.0
1305.0,3.0,0.0
1308.0,3.0,0.0
1311.0,3.0,0.0
1314.0,3.0,0.0
1317.0,3.0,0.0
1320.0,3.0,0.0
1323.0,3.0,0.0
1326.0,3.0,0.0
1329.0,3.0,0.0625
1332.0,3.0,0.0
1335.0,3.0,0.0
1338.0,3.0,0.0
1341.0,3.0,0.0
1344.0,3.0,0.0
1347.0,3.0,0.0555555555556
1350.0,3.0,0.0
1353.0,3.0,0.0
1356.0,3.0,0.0416666666667
1359.0,3.0,0.0
1362.0,3.0,0.0
1365.0,3.0,0.0
1368.0,3.0,0.0
1371.0,3.0,0.0
1374.0,3.0,0.0
1377.0,3.0,0.0
1380.0,3.0,0.0
1383.0,3.0,0.0
1386.0,3.0,0.0
1389.0,3.0,0.0
1392.0,3.0,0.0
1395.0,3.0,0.0
1398.0,3.0,0.0
1401.0,3.0,0.0
1404.0,3.0,0.0
1407.0,3.0,0.0
1410.0,3.0,0.0
1413.0,3.0,0.0
1416.0,3.0,0.0
1419.0,3.0,0.0
1422.0,3.0,0.0
1425.0,3.0,0.0
1428.0,3.0,0.0
1431.0,3.0,0.0
1434.0,3.0,0.0
1437.0,3.0,0.0
1440.0,3.0,0.0
1443.0,3.0,0.0
1446.0,3.0,0.0
1449.0,3.0,0.0
1452.0,3.0,0.0
1455.0,3.0,0.0384615384615
1458.0,3.0,0.0
1461.0,3.0,0.0
1464.0,3.0,0.0
1467.0,3.0,0.0
1470.0,3.0,0.0
1473.0,3.0,0.0
1476.0,3.0,0.0
1479.0,3.0,0.0
1482.0,3.0,0.0
1485.0,3.0,0.0588235294118
1488.0,3.0,0.0434782608696
1491.0,3.0,0.0
1494.0,3.0,0.0
1497.0,3.0,0.0
1500.0,3.0,0.0
1503.0,3.0,0.0
1506.0,3.0,0.0
1509.0,3.0,0.0
1512.0,3.0,0.0
1515.0,3.0,0.0
1518.0,3.0,0.0
1521.0,3.0,0.0
1524.0,3.0,0.0
1527.0,3.0,0.0
1530.0,3.0,0.0
1533.0,3.0,0.0
1536.0,3.0,0.0
1539.0,3.0,0.0
1542.0,3.0,0.2
1545.0,3.0,0.0526315789474
1548.0,3.0,0.0
1551.0,3.0,0.05
1554.0,3.0,0.0
1557.0,3.0,0.0
1560.0,3.0,0.0
1563.0,3.0,0.0
1566.0,3.0,0.0
1569.0,3.0,0.0
1572.0,3.0,0.0
1575.0,3.0,0.0
1578.0,3.0,0.0
1581.0,3.0,0.0
1584.0,3.0,0.0
1587.0,3.0,0.0
1590.0,3.0,0.0
1593.0,3.0,0.0
1596.0,3.0,0.0
1599.0,3.0,0.0
1602.0,3.0,0.047619047619
1605.0,3.0,0.0
1608.0,3.0,0.04
1611.0,3.0,0.0
1614.0,3.0,0.0
1617.0,3.0,0.0
1620.0,3.0,0.0
1623.0,3.0,0.0454545454545
1626.0,3.0,0.0
1629.0,3.0,0.0
1632.0,3.0,0.0
1635.0,3.0,0.0
1638.0,3.0,0.0
1641.0,3.0,0.0
1644.0,3.0,0.0
1647.0,3.0,0.0
1650.0,3.0,0.0
1653.0,3.0,0.0
1656.0,3.0,0.0
1659.0,3.0,0.0
1662.0,3.0,0.0
1665.0,3.0,0.0
1668.0,3.0,0.0
1671.0,3.0,0.0
1674.0,3.0,0.0
1677.0,3.0,0.0
1680.0,3.0,0.0
1683.0,3.0,0.0
1686.0,3.0,0.0
1689.0,3.0,0.04
1692.0,3.0,0.157894736842
1695.0,3.0,0.157894736842
1698.0,3.0,0.173913043478
1701.0,3.0,0.2
1704.0,3.0,0.260869565217
1707.0,3.0,0.0
1710.0,3.0,0.357142857143
1713.0,3.0,0.294117647059
1716.0,3.0,0.217391304348
1719.0,3.0,0.111111111111
1722.0,3.0,0.125
1725.0,3.0,0.16
1728.0,3.0,0.05
1731.0,3.0,0.0
1734.0,3.0,0.0
1737.0,3.0,0.21875
1740.0,3.0,0.148148148148
1743.0,3.0,0.107142857143
1746.0,3.0,0.266666666667
1749.0,3.0,0.0416666666667
1752.0,3.0,0.291666666667
1755.0,3.0,0.166666666667
1758.0,3.0,0.130434782609
1761.0,3.0,0.0
1764.0,3.0,0.0689655172414
1767.0,3.0,0.0869565217391
1770.0,3.0,0.0
1773.0,3.0,0.0
1776.0,3.0,0.0
1779.0,3.0,0.0
1782.0,3.0,0.0
1785.0,3.0,0.0
1788.0,3.0,0.0
1791.0,3.0,0.0
1794.0,3.0,0.0
1797.0,3.0,0.0
1800.0,3.0,0.0
1803.0,3.0,0.0
1806.0,3.0,0.0
1809.0,3.0,0.0
1812.0,3.0,0.0
1815.0,3.0,0.0
1818.0,3.0,0.0666666666667
1821.0,3.0,0.0
1824.0,3.0,0.0
1827.0,3.0,0.0666666666667
1830.0,3.0,0.137931034483
1833.0,3.0,0.0526315789474
1836.0,3.0,0.0
1839.0,3.0,0.0
1842.0,3.0,0.0
1845.0,3.0,0.0454545454545
1848.0,3.0,0.0
1851.0,3.0,0.0
1854.0,3.0,0.235294117647
1857.0,3.0,0.0384615384615
1860.0,3.0,0.0
1863.0,3.0,0.08
1866.0,3.0,0.0
1869.0,3.0,0.190476190476
1872.0,3.0,0.0625
1875.0,3.0,0.047619047619
1878.0,3.0,0.04
1881.0,3.0,0.0
1884.0,3.0,0.047619047619
1887.0,3.0,0.0769230769231
1890.0,3.0,0.0416666666667
1893.0,3.0,0.0
1896.0,3.0,0.1
1899.0,3.0,0.0
1902.0,3.0,0.0434782608696
1905.0,3.0,0.117647058824
1908.0,3.0,0.0
1911.0,3.0,0.125
1914.0,3.0,0.0344827586207
1917.0,3.0,0.0333333333333
1920.0,3.0,0.0
1923.0,3.0,0.0
1926.0,3.0,0.0
1929.0,3.0,0.166666666667
1932.0,3.0,0.0
1935.0,3.0,0.0
1938.0,3.0,0.125
1941.0,3.0,0.0
1944.0,3.0,0.0
1947.0,3.0,0.0
1950.0,3.0,0.0
1953.0,3.0,0.0
1956.0,3.0,0.0
1959.0,3.0,0.0
1962.0,3.0,0.0
1965.0,3.0,0.0
1968.0,3.0,0.0
1971.0,3.0,0.111111111111
1974.0,3.0,0.0
1977.0,3.0,0.0384615384615
1980.0,3.0,0.227272727273
1983.0,3.0,0.285714285714
1986.0,3.0,0.304347826087
1989.0,3.0,0.0
1992.0,3.0,0.0555555555556
1995.0,3.0,0.35
1998.0,3.0,0.277777777778
2001.0,3.0,0.04
2004.0,3.0,0.3125
2007.0,3.0,0.294117647059
2010.0,3.0,0.2
2013.0,3.0,0.25
2016.0,3.0,0.227272727273
2019.0,3.0,0.25
2022.0,3.0,0.208333333333
2025.0,3.0,0.0
2028.0,3.0,0.0
2031.0,3.0,0.0
2034.0,3.0,0.05
2037.0,3.0,0.0
2040.0,3.0,0.0
2043.0,3.0,0.0
2046.0,3.0,0.25
2049.0,3.0,0.28
2052.0,3.0,0.0
2055.0,3.0,0.0869565217391
2058.0,3.0,0.0454545454545
2061.0,3.0,0.08
2064.0,3.0,0.037037037037
2067.0,3.0,0.0
2070.0,3.0,0.111111111111
2073.0,3.0,0.0
2076.0,3.0,0.0
2079.0,3.0,0.0
2082.0,3.0,0.0
2085.0,3.0,0.0
2088.0,3.0,0.178571428571
2091.0,3.0,0.12
2094.0,3.0,0.0833333333333
2097.0,3.0,0.0
2100.0,3.0,0.0
2103.0,3.0,0.0
2106.0,3.0,0.0
2109.0,3.0,0.0
2112.0,3.0,0.0
2115.0,3.0,0.0
2118.0,3.0,0.047619047619
2121.0,3.0,0.0
2124.0,3.0,0.0
2127.0,3.0,0.0
2130.0,3.0,0.0
2133.0,3.0,0.153846153846
2136.0,3.0,0.235294117647
2139.0,3.0,0.208333333333
2142.0,3.0,0.35
2145.0,3.0,0.0
2148.0,3.0,0.0
2151.0,3.0,0.0
2154.0,3.0,0.0
2157.0,3.0,0.0
2160.0,3.0,0.1
2163.0,3.0,0.0
2166.0,3.0,0.0
2169.0,3.0,0.0
2172.0,3.0,0.0526315789474
2175.0,3.0,0.0
2178.0,3.0,0.0357142857143
2181.0,3.0,0.0
2184.0,3.0,0.0
2187.0,3.0,0.0
2190.0,3.0,0.0
2193.0,3.0,0.333333333333
2196.0,3.0,0.296296296296
2199.0,3.0,0.136363636364
2202.0,3.0,0.25
2205.0,3.0,0.285714285714
2208.0,3.0,0.0
2211.0,3.0,0.0
2214.0,3.0,0.0
2217.0,3.0,0.0
2220.0,3.0,0.0
2223.0,3.0,0.04
2226.0,3.0,0.0
2229.0,3.0,0.0434782608696
2232.0,3.0,0.0
2235.0,3.0,0.0
2238.0,3.0,0.0
2241.0,3.0,0.047619047619
2244.0,3.0,0.0
2247.0,3.0,0.111111111111
2250.0,3.0,0.0
2253.0,3.0,0.0
2256.0,3.0,0.0
2259.0,3.0,0.0
2262.0,3.0,0.0
2265.0,3.0,0.0
2268.0,3.0,0.0
2271.0,3.0,0.0
2274.0,3.0,0.0
2277.0,3.0,0.05
2280.0,3.0,0.0
2283.0,3.0,0.05
2286.0,3.0,0.08
2289.0,3.0,0.0
2292.0,3.0,0.0
2295.0,3.0,0.0
2298.0,3.0,0.0625
2301.0,3.0,0.0952380952381
2304.0,3.0,0.0
2307.0,3.0,0.0
2310.0,3.0,0.0
2313.0,3.0,0.0
2316.0,3.0,0.04
2319.0,3.0,0.0
2322.0,3.0,0.0
2325.0,3.0,0.0
2328.0,3.0,0.0
2331.0,3.0,0.0
2334.0,3.0,0.0
2337.0,3.0,0.0625
2340.0,3.0,0.0
2343.0,3.0,0.0
2346.0,3.0,0.0555555555556
2349.0,3.0,0.0
2352.0,3.0,0.0434782608696
2355.0,3.0,0.0
2358.0,3.0,0.0
2361.0,3.0,0.0
2364.0,3.0,0.0588235294118
2367.0,3.0,0.0588235294118
2370.0,3.0,0.0588235294118
2373.0,3.0,0.0
2376.0,3.0,0.0
2379.0,3.0,0.0
2382.0,3.0,0.0
2385.0,3.0,0.0526315789474
2388.0,3.0,0.0
2391.0,3.0,0.0
2394.0,3.0,0.0
2397.0,3.0,0.0
2400.0,3.0,0.0
2403.0,3.0,0.0
2406.0,3.0,0.0
2409.0,3.0,0.0
2412.0,3.0,0.0
2415.0,3.0,0.0
2418.0,3.0,0.0
2421.0,3.0,0.0
2424.0,3.0,0.0
2427.0,3.0,0.0
2430.0,3.0,0.0
2433.0,3.0,0.0
2436.0,3.0,0.0
2439.0,3.0,0.0
2442.0,3.0,0.0
2445.0,3.0,0.047619047619
2448.0,3.0,0.0
2451.0,3.0,0.0
2454.0,3.0,0.0
2457.0,3.0,0.0
2460.0,3.0,0.0
2463.0,3.0,0.1
2466.0,3.0,0.0769230769231
2469.0,3.0,0.0
2472.0,3.0,0.0
2475.0,3.0,0.0
2478.0,3.0,0.0
2481.0,3.0,0.0909090909091
2484.0,3.0,0.0
2487.0,3.0,0.0
2490.0,3.0,0.0
2493.0,3.0,0.153846153846
2496.0,3.0,0.0
2499.0,3.0,0.0
2502.0,3.0,0.0
2505.0,3.0,0.0
2508.0,3.0,0.0
2511.0,3.0,0.0
2514.0,3.0,0.0
2517.0,3.0,0.0
2520.0,3.0,0.0
2523.0,3.0,0.0625
2526.0,3.0,0.25
2529.0,3.0,0.16
2532.0,3.0,0.227272727273
2535.0,3.0,0.235294117647
2538.0,3.0,0.0
2541.0,3.0,0.0
2544.0,3.0,0.0
2547.0,3.0,0.0
2550.0,3.0,0.0769230769231
2553.0,3.0,0.0
2556.0,3.0,0.0
2559.0,3.0,0.0
2562.0,3.0,0.0
2565.0,3.0,0.0
2568.0,3.0,0.0
2571.0,3.0,0.0
2574.0,3.0,0.0
2577.0,3.0,0.107142857143
2580.0,3.0,0.37037037037
2583.0,3.0,0.0555555555556
2586.0,3.0,0.0666666666667
2589.0,3.0,0.181818181818
2592.0,3.0,0.103448275862
2595.0,3.0,0.285714285714
2598.0,3.0,0.0
2601.0,3.0,0.0333333333333
2604.0,3.0,0.0
2607.0,3.0,0.0
2610.0,3.0,0.0
2613.0,3.0,0.04
2616.0,3.0,0.117647058824
2619.0,3.0,0.0
2622.0,3.0,0.0
2625.0,3.0,0.0
2628.0,3.0,0.0
2631.0,3.0,0.0
2634.0,3.0,0.0
2637.0,3.0,0.0
2640.0,3.0,0.0
2643.0,3.0,0.0357142857143
2646.0,3.0,0.0
2649.0,3.0,0.0416666666667
2652.0,3.0,0.0
2655.0,3.0,0.142857142857
2658.0,3.0,0.0
2661.0,3.0,0.0
2664.0,3.0,0.0
2667.0,3.0,0.0
2670.0,3.0,0.04
2673.0,3.0,0.0
2676.0,3.0,0.0869565217391
2679.0,3.0,0.230769230769
2682.0,3.0,0.0
2685.0,3.0,0.0
2688.0,3.0,0.0
2691.0,3.0,0.0
2694.0,3.0,0.0909090909091
2697.0,3.0,0.0
2700.0,3.0,0.0
2703.0,3.0,0.0
2706.0,3.0,0.0
2709.0,3.0,0.0714285714286
2712.0,3.0,0.0555555555556
2715.0,3.0,0.0952380952381
2718.0,3.0,0.0
2721.0,3.0,0.0
2724.0,3.0,0.0
2727.0,3.0,0.0
2730.0,3.0,0.0
2733.0,3.0,0.0
2736.0,3.0,0.0
2739.0,3.0,0.0555555555556
2742.0,3.0,0.0833333333333
2745.0,3.0,0.0
2748.0,3.0,0.0
2751.0,3.0,0.047619047619
2754.0,3.0,0.08
2757.0,3.0,0.05
2760.0,3.0,0.0526315789474
2763.0,3.0,0.0
2766.0,3.0,0.0
2769.0,3.0,0.166666666667
2772.0,3.0,0.0
2775.0,3.0,0.222222222222
2778.0,3.0,0.153846153846
2781.0,3.0,0.0
2784.0,3.0,0.05
2787.0,3.0,0.142857142857
2790.0,3.0,0.0
2793.0,3.0,0.0333333333333
2796.0,3.0,0.0
2799.0,3.0,0.0
2802.0,3.0,0.0833333333333
2805.0,3.0,0.0769230769231
2808.0,3.0,0.0909090909091
2811.0,3.0,0.125
2814.0,3.0,0.0
2817.0,3.0,0.0
2820.0,3.0,0.0
2823.0,3.0,0.0
2826.0,3.0,0.0
2829.0,3.0,0.0
2832.0,3.0,0.037037037037
2835.0,3.0,0.0
2838.0,3.0,0.0
2841.0,3.0,0.0
2844.0,3.0,0.0
2847.0,3.0,0.0625
2850.0,3.0,0.0
2853.0,3.0,0.0769230769231
2856.0,3.0,0.0
2859.0,3.0,0.0
2862.0,3.0,0.136363636364
2865.0,3.0,0.0
2868.0,3.0,0.0666666666667
2871.0,3.0,0.105263157895
2874.0,3.0,0.0
2877.0,3.0,0.0
2880.0,3.0,0.0
2883.0,3.0,0.0
2886.0,3.0,0.0
2889.0,3.0,0.0
2892.0,3.0,0.0
2895.0,3.0,0.0
2898.0,3.0,0.0
2901.0,3.0,0.0
2904.0,3.0,0.0
2907.0,3.0,0.0
2910.0,3.0,0.0
2913.0,3.0,0.0
2916.0,3.0,0.0
2919.0,3.0,0.125
2922.0,3.0,0.133333333333
2925.0,3.0,0.09375
2928.0,3.0,0.217391304348
2931.0,3.0,0.0769230769231
2934.0,3.0,0.125
2937.0,3.0,0.0
2940.0,3.0,nan
2943.0,3.0,0.0
2946.0,3.0,0.0
2949.0,3.0,0.0
2952.0,3.0,0.0
2955.0,3.0,0.0
2958.0,3.0,0.0
2961.0,3.0,0.0
2964.0,3.0,0.0
2967.0,3.0,0.0
2970.0,3.0,0.0
2973.0,3.0,0.0
2976.0,3.0,0.0
2979.0,3.0,0.0
2982.0,3.0,0.0
2985.0,3.0,0.0
2988.0,3.0,0.0
2991.0,3.0,0.0
2994.0,3.0,0.0
2997.0,3.0,0.107142857143
3000.0,3.0,0.318181818182
3003.0,3.0,0.4
3006.0,3.0,0.227272727273
3009.0,3.0,0.153846153846
3012.0,3.0,0.130434782609
3015.0,3.0,0.105263157895
3018.0,3.0,0.333333333333
3021.0,3.0,0.0
3024.0,3.0,0.176470588235
3027.0,3.0,0.210526315789
3030.0,3.0,0.263157894737
3033.0,3.0,0.2
3036.0,3.0,0.25
3039.0,3.0,0.222222222222
3042.0,3.0,0.272727272727
3045.0,3.0,0.0714285714286
3048.0,3.0,0.0
3051.0,3.0,0.0
3054.0,3.0,0.0
3057.0,3.0,0.0
3060.0,3.0,0.0
3063.0,3.0,0.0
3066.0,3.0,0.0
3069.0,3.0,0.111111111111
3072.0,3.0,0.133333333333
3075.0,3.0,0.3
3078.0,3.0,0.235294117647
3081.0,3.0,0.0625
3084.0,3.0,0.0416666666667
3087.0,3.0,0.0
3090.0,3.0,0.0
3093.0,3.0,0.0
3096.0,3.0,0.0
3099.0,3.0,0.0
3102.0,3.0,0.0
3105.0,3.0,0.0
3108.0,3.0,0.1
3111.0,3.0,0.0
3114.0,3.0,0.333333333333
3117.0,3.0,0.0666666666667
3120.0,3.0,0.0666666666667
3123.0,3.0,0.0
3126.0,3.0,0.0
3129.0,3.0,0.0
3132.0,3.0,0.0
3135.0,3.0,0.0
3138.0,3.0,0.0
3141.0,3.0,0.0
3144.0,3.0,0.0
3147.0,3.0,0.0
3150.0,3.0,0.0
3153.0,3.0,0.0
3156.0,3.0,0.0666666666667
3159.0,3.0,0.125
3162.0,3.0,0.105263157895
3165.0,3.0,0.133333333333
3168.0,3.0,0.0384615384615
3171.0,3.0,0.0
3174.0,3.0,0.0
3177.0,3.0,0.05
3180.0,3.0,0.0
3183.0,3.0,0.230769230769
3186.0,3.0,0.0
3189.0,3.0,0.0
3192.0,3.0,0.0
3195.0,3.0,0.0
3198.0,3.0,0.0
3201.0,3.0,0.0384615384615
3204.0,3.0,0.0
3207.0,3.0,0.266666666667
3210.0,3.0,0.0357142857143
3213.0,3.0,0.0
3216.0,3.0,0.0
3219.0,3.0,0.0
3222.0,3.0,0.0
3225.0,3.0,0.0
3228.0,3.0,0.0
3231.0,3.0,0.05
3234.0,3.0,0.0
3237.0,3.0,0.0
3240.0,3.0,0.0
3243.0,3.0,0.0
3246.0,3.0,0.0526315789474
3249.0,3.0,0.05
3252.0,3.0,0.0
3255.0,3.0,0.0
3258.0,3.0,0.0952380952381
3261.0,3.0,0.125
3264.0,3.0,0.428571428571
3267.0,3.0,0.0
3270.0,3.0,0.0
3273.0,3.0,0.0
3276.0,3.0,0.0
3279.0,3.0,0.0
3282.0,3.0,0.0
3285.0,3.0,0.0
3288.0,3.0,0.0
3291.0,3.0,0.125
3294.0,3.0,0.157894736842
3297.0,3.0,0.166666666667
3300.0,3.0,0.0
3303.0,3.0,0.142857142857
3306.0,3.0,0.0
3309.0,3.0,0.0
3312.0,3.0,0.0
3315.0,3.0,0.0
3318.0,3.0,0.0
3321.0,3.0,0.0
3324.0,3.0,0.2
3327.0,3.0,0.103448275862
3330.0,3.0,0.0714285714286
3333.0,3.0,0.0909090909091
3336.0,3.0,0.0
3339.0,3.0,0.190476190476
3342.0,3.0,0.0454545454545
3345.0,3.0,0.0
3348.0,3.0,0.0
3351.0,3.0,0.0
3354.0,3.0,0.0
3357.0,3.0,0.0
3360.0,3.0,0.0
3363.0,3.0,0.04
3366.0,3.0,0.0454545454545
3369.0,3.0,0.25
3372.0,3.0,0.352941176471
3375.0,3.0,0.0555555555556
3378.0,3.0,0.0666666666667
3381.0,3.0,0.0
3384.0,3.0,0.0
3387.0,3.0,0.0
3390.0,3.0,0.0666666666667
3393.0,3.0,0.1
3396.0,3.0,0.0344827586207
3399.0,3.0,0.148148148148
3402.0,3.0,0.05
3405.0,3.0,0.0869565217391
3408.0,3.0,0.148148148148
3411.0,3.0,0.136363636364
3414.0,3.0,0.0
3417.0,3.0,0.0
3420.0,3.0,0.0
3423.0,3.0,0.0
3426.0,3.0,0.0
3429.0,3.0,0.0
3432.0,3.0,0.0
3435.0,3.0,0.0
3438.0,3.0,0.0909090909091
3441.0,3.0,0.0740740740741
3444.0,3.0,0.0909090909091
3447.0,3.0,0.130434782609
3450.0,3.0,0.136363636364
3453.0,3.0,0.176470588235
3456.0,3.0,0.15
3459.0,3.0,0.260869565217
3462.0,3.0,0.136363636364
3465.0,3.0,0.0952380952381
3468.0,3.0,0.0
3471.0,3.0,0.0
3474.0,3.0,0.0
3477.0,3.0,0.0
3480.0,3.0,0.0
3483.0,3.0,0.0
3486.0,3.0,0.0
3489.0,3.0,0.0
3492.0,3.0,0.0454545454545
3495.0,3.0,0.0
3498.0,3.0,0.0
3501.0,3.0,0.0
3504.0,3.0,0.0
3507.0,3.0,0.0
3510.0,3.0,0.0
3513.0,3.0,0.0
3516.0,3.0,0.0
3519.0,3.0,0.0
3522.0,3.0,0.0
3525.0,3.0,0.0
3528.0,3.0,0.0
3531.0,3.0,0.047619047619
3534.0,3.0,0.0
3537.0,3.0,0.0666666666667
3540.0,3.0,nan
3543.0,3.0,nan
3546.0,3.0,nan
3549.0,3.0,nan
3552.0,3.0,nan
3555.0,3.0,0.0909090909091
3558.0,3.0,0.08
3561.0,3.0,0.0714285714286
3564.0,3.0,0.0555555555556
3567.0,3.0,0.0
3570.0,3.0,0.0
3573.0,3.0,0.0
3576.0,3.0,0.0
3579.0,3.0,0.0
3582.0,3.0,0.142857142857
3585.0,3.0,nan
3588.0,3.0,nan
3591.0,3.0,nan
3594.0,3.0,nan
3597.0,3.0,nan
